Brand,Title,SP,MRP,Discount
Rare Rabbit,Men Typography Round Neck Cotton Blend Black T-Shirt,1149,2299,50
Rare Rabbit,Men Printed Round Neck Cotton Blend White T-Shirt,1149,2299,50
Rare Rabbit,Men Printed Round Neck Cotton Blend Green T-Shirt,1149,2299,50
Rare Rabbit,Men Solid Crew Neck Cotton Blend Black T-Shirt,1169,1799,35
Rare Rabbit,Men Solid Polo Neck Pure Cotton White T-Shirt,1749,3499,50
Rare Rabbit,Men Solid Polo Neck Cotton Blend White T-Shirt,1644,3499,53
Rare Rabbit,Men Printed Round Neck Pure Cotton Green T-Shirt,1199,1999,40
Rare Rabbit,Men Solid Round Neck Cotton Blend Navy Blue T-Shirt,1124,1499,25
Rare Rabbit,Men Solid Round Neck Pure Cotton Pink T-Shirt,1079,1799,40
Rare Rabbit,Men Solid High Neck Viscose Rayon White T-Shirt,1819,2799,35
Rare Rabbit,Men Solid Round Neck Cotton Blend White T-Shirt,1399,2799,50
Rare Rabbit,Men Typography Round Neck Pure Cotton Blue T-Shirt,985,1699,42
Rare Rabbit,Men Printed Round Neck Cotton Blend Black T-Shirt,1149,2299,50
Rare Rabbit,Men Graphic Print Crew Neck Pure Cotton Black T-Shirt,3798,3799,0
Rare Rabbit,Men Solid High Neck Viscose Rayon Black T-Shirt,1819,2799,35
Rare Rabbit,Men Solid Polo Neck Pure Cotton Pink T-Shirt,1649,3299,50
Rare Rabbit,Men Printed Round Neck Cotton Blend Navy Blue T-Shirt,1149,2299,50
Rare Rabbit,Men Printed Round Neck Cotton Blend Green T-Shirt,1149,2299,50
Rare Rabbit,Men Solid Round Neck Cotton Blend Brown T-Shirt,1151,1799,36
Rare Rabbit,Men Printed Round Neck Pure Cotton Blue T-Shirt,1149,2299,50
Rare Rabbit,Men Graphic Print Round Neck Pure Cotton Navy Blue T-Sh...,1079,1799,40
Rare Rabbit,Men Printed Round Neck Cotton Blend White T-Shirt,1149,2299,50
Rare Rabbit,Men Printed Round Neck Pure Cotton Green T-Shirt,1149,2299,50
Rare Rabbit,Men Printed Polo Neck Pure Cotton Black T-Shirt,1849,3699,50
Rare Rabbit,"Men Printed, Typography Round Neck Cotton Blend Green T...",1169,1799,35
Rare Rabbit,Men Solid Mandarin Collar Pure Cotton Green T-Shirt,1737,2199,21
Rare Rabbit,Men Solid Polo Neck Pure Cotton Green T-Shirt,1624,2499,35
Rare Rabbit,Men Printed Round Neck Pure Cotton Dark Blue T-Shirt,899,1799,50
Rare Rabbit,Men Printed Round Neck Cotton Blend Black T-Shirt,1249,2499,50
Rare Rabbit,Men Printed Round Neck Pure Cotton Green T-Shirt,953,1799,47
Rare Rabbit,Men Graphic Print Round Neck Pure Cotton Grey T-Shirt,999,1999,50
Rare Rabbit,Men Printed Round Neck Pure Cotton Black T-Shirt,1079,1799,40
Rare Rabbit,Men Printed Round Neck Cotton Blend Pink T-Shirt,1149,2299,50
Rare Rabbit,Men Printed Round Neck Cotton Blend Maroon T-Shirt,1259,1799,30
Rare Rabbit,Men Self Design Polo Neck Cotton Blend Brown T-Shirt,2099,4199,50
Rare Rabbit,Men Solid Round Neck Cotton Blend Green T-Shirt,1954,2299,15
Rare Rabbit,Men Typography Round Neck Cotton Blend Maroon T-Shirt,1094,1499,27
Rare Rabbit,Men Solid Polo Neck Cotton Blend Light Blue T-Shirt,2267,4199,46
Rare Rabbit,Men Printed Round Neck Cotton Blend Black T-Shirt,1079,1799,40
Rare Rabbit,Men Printed Round Neck Pure Cotton Navy Blue T-Shirt,1199,1999,40
Rare Rabbit,Men Solid Polo Neck Pure Cotton Pink T-Shirt,1749,3499,50
Rare Rabbit,"Men Printed, Typography Round Neck Cotton Blend Green T...",1126,2299,51
Rare Rabbit,Men Graphic Print Round Neck Cotton Blend Red T-Shirt,999,1999,50
Rare Rabbit,Men Solid Round Neck Pure Cotton Black T-Shirt,899,1799,50
Rare Rabbit,Men Typography Round Neck Cotton Blend White T-Shirt,1099,2199,50
Rare Rabbit,Men Graphic Print Crew Neck Cotton Blend Green T-Shirt,1149,2299,50
Rare Rabbit,Men Striped Round Neck Pure Cotton Blue T-Shirt,1223,1799,32
Rare Rabbit,Men Solid Round Neck Cotton Blend Green T-Shirt,1576,1899,17
Rare Rabbit,RUBBER- BASIC MENS T SHIRT - GREEN Men Solid Round Neck...,959,1999,52
Rare Rabbit,Men Printed Round Neck Pure Cotton White T-Shirt,1099,2199,50
Rare Rabbit,Men Solid Mandarin Collar Pure Cotton Purple T-Shirt,1474,2499,41
Rare Rabbit,Men Solid Crew Neck Pure Cotton Purple T-Shirt,1223,1799,32
Rare Rabbit,Men Printed Round Neck Cotton Blend Pink T-Shirt,1079,1799,40
Rare Rabbit,Men Printed Polo Neck Pure Cotton Multicolor T-Shirt,1879,3999,53
Rare Rabbit,Men Graphic Print Crew Neck Cotton Blend Black T-Shirt,2598,2599,0
Rare Rabbit,Men Printed Round Neck Pure Cotton Yellow T-Shirt,1241,1799,31
Rare Rabbit,Men Solid Round Neck Cotton Blend Green T-Shirt,1149,2299,50
Rare Rabbit,Men Printed Round Neck Cotton Blend Black T-Shirt,1199,1999,40
Rare Rabbit,Men Printed Crew Neck Cotton Blend Grey T-Shirt,1079,1799,40
Rare Rabbit,Men Graphic Print Crew Neck Cotton Blend Red T-Shirt,2498,2499,0
Rare Rabbit,Men Printed Round Neck Pure Cotton Beige T-Shirt,1179,1999,41
Rare Rabbit,Men Solid Round Neck Cotton Blend White T-Shirt,944,1499,37
Rare Rabbit,Men Printed Round Neck Cotton Blend Beige T-Shirt,1449,2899,50
Rare Rabbit,Men Graphic Print Round Neck Pure Cotton Dark Green T-S...,1079,1799,40
Rare Rabbit,"Men Printed, Typography Round Neck Cotton Blend Red T-S...",1149,2299,50
Rare Rabbit,Men Printed Round Neck Pure Cotton Purple T-Shirt,1079,1799,40
Rare Rabbit,Men Graphic Print Crew Neck Cotton Blend Light Blue T-S...,2498,2499,0
Rare Rabbit,Men Printed Round Neck Cotton Blend Orange T-Shirt,899,1799,50
Rare Rabbit,Men Printed Round Neck Pure Cotton Green T-Shirt,1149,2299,50
Rare Rabbit,Men Printed Round Neck Cotton Blend White T-Shirt,1149,2299,50
Rare Rabbit,Men Printed Round Neck Nylon Light Blue T-Shirt,1099,2199,50
Rare Rabbit,Men Graphic Print Round Neck Cotton Blend Green T-Shirt,1379,2299,40
Rare Rabbit,Men Typography Crew Neck Pure Cotton Pink T-Shirt,1199,1499,20
Rare Rabbit,Men Graphic Print Crew Neck Pure Cotton Black T-Shirt,3198,3199,0
Rare Rabbit,Men Printed Round Neck Cotton Blend Navy Blue T-Shirt,1264,2299,45
Rare Rabbit,Men Solid Polo Neck Pure Cotton Pink T-Shirt,1749,3499,50
Rare Rabbit,Men Solid Mandarin Collar Pure Cotton Black T-Shirt,1429,2199,35
Rare Rabbit,Men Graphic Print Crew Neck Cotton Blend Light Blue T-S,2498,2499,0
Rare Rabbit,Men Printed Round Neck Pure Cotton Grey T-Shirt,1133,1799,37
Rare Rabbit,Men Solid Round Neck Pure Cotton Blue T-Shirt,899,1799,50
Rare Rabbit,Men Solid Polo Neck Pure Cotton Orange T-Shirt,1799,2999,40
Rare Rabbit,Men Graphic Print Crew Neck Cotton Blend Pink T-Shirt,2498,2499,0
Rare Rabbit,Men Graphic Print Crew Neck Cotton Blend Dark Green T-S...,2498,2499,0
Rare Rabbit,"Men Printed, Typography Round Neck Cotton Blend Blue T-...",999,1999,50
Rare Rabbit,Men Graphic Print Crew Neck Cotton Blend White T-Shirt,2498,2499,0
Rare Rabbit,Men Printed Round Neck Pure Cotton Dark Blue T-Shirt,1099,2199,50
Rare Rabbit,Men Graphic Print Crew Neck Cotton Blend Maroon T-Shirt,2598,2599,0
Rare Rabbit,Men Graphic Print Crew Neck Cotton Blend White T-Shirt,2498,2499,0
Rare Rabbit,Men Graphic Print Crew Neck Cotton Blend Light Blue T-S...,2598,2599,0
Rare Rabbit,Men Solid Round Neck Pure Cotton Green T-Shirt,1079,1799,40
Rare Rabbit,Men Graphic Print Crew Neck Cotton Blend Blue T-Shirt,2498,2499,0
Rare Rabbit,Men Graphic Print Crew Neck Cotton Blend Black T-Shirt,1151,1799,36
Rare Rabbit,Men Typography Round Neck Cotton Blend Grey T-Shirt,1079,1799,40
Rare Rabbit,Men Graphic Print Crew Neck Cotton Blend Black T-Shirt,2498,2499,0
Rare Rabbit,Men Printed Round Neck Pure Cotton Maroon T-Shirt,1349,2999,55
Rare Rabbit,Men Graphic Print Crew Neck Cotton Blend White T-Shirt,2498,2499,0
Rare Rabbit,Men Graphic Print Crew Neck Cotton Blend White T-Shirt,2498,2499,0
Rare Rabbit,Men Graphic Print Crew Neck Cotton Blend Black T-Shirt,2498,2499,0
Rare Rabbit,Men Graphic Print Round Neck Pure Cotton Purple T-Shirt,989,1799,45
Rare Rabbit,Men Graphic Print Crew Neck Cotton Blend Black T-Shirt,2498,2499,0
Rare Rabbit,Men Graphic Print Crew Neck Cotton Blend Black T-Shirt,2698,2699,0
Rare Rabbit,Men Colorblock Round Neck Pure Cotton Multicolor T-Shir...,1223,1799,32
Rare Rabbit,"Men Printed, Typography Crew Neck Cotton Blend Yellow T...",1499,2999,50
Rare Rabbit,Men Graphic Print Crew Neck Pure Cotton White T-Shirt,2998,2999,0
Rare Rabbit,Men Printed Round Neck Pure Cotton Black T-Shirt,1079,1799,40
Rare Rabbit,Men Graphic Print Crew Neck Pure Cotton White T-Shirt,3198,3199,0
Rare Rabbit,Men Graphic Print Round Neck Cotton Blend Purple T-Shir...,1099,1999,45
Rare Rabbit,Men Graphic Print Crew Neck Pure Cotton Blue T-Shirt,3398,3399,0
Rare Rabbit,Men Printed Round Neck Cotton Blend Blue T-Shirt,1079,1799,40
Rare Rabbit,Men Graphic Print Crew Neck Pure Cotton Black T-Shirt,3398,3399,0
Rare Rabbit,Men Embroidered Crew Neck Pure Cotton Black T-Shirt,3059,3399,10
Rare Rabbit,Men Graphic Print Crew Neck Cotton Blend White T-Shirt,2498,2499,0
Rare Rabbit,Men Printed Round Neck Pure Cotton Blue T-Shirt,899,1499,40
Rare Rabbit,Men Solid Round Neck Pure Cotton Dark Green T-Shirt,844,1299,35
Rare Rabbit,Men Graphic Print Round Neck Pure Cotton White T-Shirt,881,1799,51
Rare Rabbit,Men Printed Round Neck Pure Cotton Blue T-Shirt,1279,1999,36
Rare Rabbit,Men Printed Round Neck Pure Cotton Purple T-Shirt,1079,1799,40
Rare Rabbit,"Men Printed, Typography Round Neck Cotton Blend Green T...",999,1999,50
Rare Rabbit,Men Solid Round Neck Pure Cotton Yellow T-Shirt,884,1499,41
Rare Rabbit,Men Printed Round Neck Cotton Blend Grey T-Shirt,1061,1799,41
Rare Rabbit,DAO- GRAPHIC PRINT MENS T SHIRT - PETROL Men Solid Roun...,884,1499,41
Rare Rabbit,Men Printed Round Neck Cotton Blend Purple T-Shirt,1399,2799,50
Rare Rabbit,Men Graphic Print Crew Neck Pure Cotton Maroon T-Shirt,3398,3399,0
Rare Rabbit,Men Printed Round Neck Cotton Blend Green T-Shirt,1149,2299,50
Rare Rabbit,Men Graphic Print Crew Neck Pure Cotton White T-Shirt,3398,3399,0
Rare Rabbit,Men Printed Round Neck Cotton Blend Green T-Shirt,1499,2999,50
Rare Rabbit,Men Solid Hooded Neck Cotton Blend White T-Shirt,2046,2299,11
Rare Rabbit,Men Graphic Print Round Neck Pure Cotton Grey T-Shirt,1223,1799,32
Rare Rabbit,Men Solid Round Neck Pure Cotton Green T-Shirt,1379,1999,31
Rare Rabbit,Men Striped Crew Neck Cotton Blend Brown T-Shirt,1399,2799,50
Rare Rabbit,Men Graphic Print Crew Neck Pure Cotton Black T-Shirt,3698,3699,0
Rare Rabbit,Men Graphic Print Round Neck Pure Cotton Black T-Shirt,899,1999,55
Rare Rabbit,Men Colorblock Round Neck Pure Cotton Purple T-Shirt,1169,1799,35
Rare Rabbit,Men Printed Round Neck Pure Cotton Yellow T-Shirt,1079,1799,40
Rare Rabbit,Men Embroidered Crew Neck Pure Cotton Green T-Shirt,3059,3399,10
Rare Rabbit,Men Graphic Print Crew Neck Pure Cotton Dark Green T-Sh...,3059,3399,10
Rare Rabbit,Men Embroidered Crew Neck Pure Cotton White T-Shirt,3398,3399,0
Rare Rabbit,Men Solid Mandarin Collar Pure Cotton White T-Shirt,2043,2799,27
Rare Rabbit,Men Printed Round Neck Cotton Blend Grey T-Shirt,1649,2999,45
Rare Rabbit,Men Solid Round Neck Cotton Blend White T-Shirt,1499,2999,50
Rare Rabbit,Men Printed Round Neck Cotton Blend Black T-Shirt,1079,1799,40
Rare Rabbit,Men Solid Round Neck Pure Cotton White T-Shirt,1574,2499,37
Rare Rabbit,Men Graphic Print Round Neck Pure Cotton Navy Blue T-Sh...,899,1799,50
Rare Rabbit,Men Typography Round Neck Pure Cotton Multicolor T-Shir...,1563,2299,32
Rare Rabbit,Men Solid Round Neck Pure Cotton White T-Shirt,1019,1499,32
Rare Rabbit,Men Printed Round Neck Pure Cotton Blue T-Shirt,1149,2299,50
Rare Rabbit,Men Graphic Print Crew Neck Pure Cotton White T-Shirt,3798,3799,0
Rare Rabbit,"Men Printed, Typography Round Neck Pure Cotton White T-...",1079,1799,40
Rare Rabbit,Men Solid Polo Neck Pure Cotton Blue T-Shirt,1749,3499,50
Rare Rabbit,"Men Printed, Typography Round Neck Cotton Blend Black T...",1199,1999,40
Rare Rabbit,Men Solid Crew Neck Pure Cotton Beige T-Shirt,1079,1799,40
Rare Rabbit,Men Solid Crew Neck Cotton Blend Pink T-Shirt,1576,1899,17
Rare Rabbit,Men Graphic Print Round Neck Pure Cotton Green T-Shirt,934,1699,45
Rare Rabbit,Men Self Design Round Neck Pure Cotton Purple T-Shirt,899,1799,50
Rare Rabbit,"Men Striped Crew Neck Cotton Blend Black, White T-Shirt",1399,2799,50
Rare Rabbit,Men Typography Round Neck Cotton Blend Black T-Shirt,1249,2499,50
Rare Rabbit,Men Printed Round Neck Pure Cotton Grey T-Shirt,1079,1799,40
Rare Rabbit,Men Solid Round Neck Pure Cotton Maroon T-Shirt,1356,2299,41
Rare Rabbit,Men Solid Polo Neck Pure Cotton Purple T-Shirt,1644,3499,53
Rare Rabbit,Men Printed Round Neck Cotton Blend Black T-Shirt,1199,1999,40
Rare Rabbit,Men Solid Round Neck Pure Cotton White T-Shirt,1399,2799,50
Rare Rabbit,"Men Printed, Typography Round Neck Cotton Blend Green T...",1099,1999,45
Rare Rabbit,Men Solid Round Neck Cotton Blend Green T-Shirt,1151,1799,36
Rare Rabbit,Men Solid Round Neck Pure Cotton Navy Blue T-Shirt,1149,2299,50
Rare Rabbit,Men Printed Round Neck Cotton Blend Light Green T-Shirt,1149,2299,50
Rare Rabbit,Men Self Design Round Neck Cotton Blend Green T-Shirt,1671,1899,12
Rare Rabbit,Men Solid Polo Neck Pure Cotton Multicolor T-Shirt,1599,2499,36
Rare Rabbit,Men Solid Polo Neck Cotton Blend Green T-Shirt,1849,3699,50
Rare Rabbit,"Men Printed, Typography Round Neck Cotton Blend Green T...",1264,2299,45
Rare Rabbit,Men Printed Round Neck Pure Cotton Black T-Shirt,1149,2299,50
Rare Rabbit,Men Graphic Print Round Neck Pure Cotton Yellow T-Shirt,899,1799,50
Rare Rabbit,Men Solid V Neck Cotton Blend Maroon T-Shirt,1169,1299,10
Rare Rabbit,Men Abstract Round Neck Pure Cotton Green T-Shirt,899,1799,50
Rare Rabbit,Men Printed Round Neck Pure Cotton Blue T-Shirt,1149,2299,50
Rare Rabbit,Men Solid Round Neck Pure Cotton Black T-Shirt,1019,1499,32
Rare Rabbit,Men Striped Crew Neck Cotton Blend Yellow T-Shirt,1399,2799,50
Rare Rabbit,Men Solid Round Neck Pure Cotton Green T-Shirt,1079,1799,40
Rare Rabbit,Men Solid Round Neck Pure Cotton Dark Green T-Shirt,896,1299,31
Rare Rabbit,Men Printed Round Neck Pure Cotton Yellow T-Shirt,1099,2199,50
Rare Rabbit,Men Solid Round Neck Cotton Blend Purple T-Shirt,999,1999,50
Rare Rabbit,Men Solid Polo Neck Pure Cotton Purple T-Shirt,1724,2499,31
Rare Rabbit,Men Solid Round Neck Pure Cotton Purple T-Shirt,1079,1799,40
Rare Rabbit,Men Printed Round Neck Cotton Blend Navy Blue T-Shirt,1223,1799,32
Rare Rabbit,Men Solid Polo Neck Pure Cotton Blue T-Shirt,1649,3299,50
Rare Rabbit,Men Printed Round Neck Cotton Blend Dark Blue T-Shirt,1079,1799,40
Rare Rabbit,HOOD- BASIC HOODY POLO T SHIRT - GREEN Men Solid Hooded...,1799,2999,40
Rare Rabbit,"Men Printed, Typography Round Neck Cotton Blend Pink T-...",1149,2299,50
Rare Rabbit,Men Solid Polo Neck Pure Cotton Green T-Shirt,1499,2499,40
Rare Rabbit,Men Solid Round Neck Pure Cotton Green T-Shirt,948,1299,27
Rare Rabbit,Men Typography Round Neck Pure Cotton Yellow T-Shirt,1151,1799,36
Rare Rabbit,"Men Printed, Typography Round Neck Cotton Blend Blue T-...",1223,1799,32
Rare Rabbit,Men Graphic Print Round Neck Pure Cotton Orange T-Shirt,1079,1799,40
Rare Rabbit,Men Solid Polo Neck Pure Cotton Navy Blue T-Shirt,1624,2499,35
Rare Rabbit,Men Solid Hooded Neck Cotton Blend Blue T-Shirt,2023,2299,12
Rare Rabbit,Men Solid Mandarin Collar Pure Cotton Green T-Shirt,1249,2499,50
Rare Rabbit,Men Striped Round Neck Cotton Blend Green T-Shirt,1399,2799,50
Rare Rabbit,Men Printed Round Neck Cotton Blend Maroon T-Shirt,1259,1799,30
Rare Rabbit,Men Graphic Print Crew Neck Cotton Blend Pink T-Shirt,899,1799,50
Rare Rabbit,Men Printed Round Neck Pure Cotton Purple T-Shirt,1149,2299,50
Rare Rabbit,Men Solid Polo Neck Pure Cotton Black T-Shirt,2249,2499,10
Rare Rabbit,Men Printed Round Neck Cotton Blend Purple T-Shirt,1839,2299,20
Rare Rabbit,"Men Printed, Typography Round Neck Cotton Blend Pink T-...",999,1999,50
Rare Rabbit,Men Graphic Print Round Neck Cotton Blend Grey T-Shirt,1061,1799,41
Rare Rabbit,Men Solid V Neck Cotton Blend Pink T-Shirt,1169,1299,10
Rare Rabbit,Men Printed Round Neck Pure Cotton Dark Blue T-Shirt,999,1999,50
Rare Rabbit,Men Printed Round Neck Cotton Blend Yellow T-Shirt,1149,2299,50
Rare Rabbit,Crew Men's T-Shirts Slim Fit Men Solid Round Neck Pure ...,883,1299,32
Rare Rabbit,Men Printed Round Neck Pure Cotton Navy Blue T-Shirt,1061,1799,41
Rare Rabbit,Men Printed Round Neck Cotton Blend Grey T-Shirt,1399,2799,50
Rare Rabbit,Men Printed Round Neck Pure Cotton Black T-Shirt,999,1999,50
Rare Rabbit,Men Solid V Neck Cotton Blend White T-Shirt,1078,1299,17
Rare Rabbit,Men Solid Round Neck Pure Cotton Purple T-Shirt,896,1299,31
Rare Rabbit,Men Printed Round Neck Pure Cotton Black T-Shirt,1149,2299,50
Rare Rabbit,Men Printed Polo Neck Pure Cotton Purple T-Shirt,1999,3999,50
Rare Rabbit,Men Solid Polo Neck Cotton Blend Green T-Shirt,1749,2499,30
Rare Rabbit,Men Printed Crew Neck Pure Cotton White T-Shirt,999,1999,50
Rare Rabbit,Men Striped Polo Neck Cotton Blend Pink T-Shirt,2199,4399,50
Rare Rabbit,Men Solid Round Neck Pure Cotton Grey T-Shirt,1249,2499,50
Rare Rabbit,Men Solid Polo Neck Pure Cotton Black T-Shirt,1749,3499,50
Rare Rabbit,Men Graphic Print Round Neck Pure Cotton Pink T-Shirt,1061,1799,41
Rare Rabbit,Men Printed Round Neck Cotton Blend Blue T-Shirt,1149,2299,50
Rare Rabbit,Men Printed Round Neck Cotton Blend Maroon T-Shirt,1149,2299,50
Rare Rabbit,Men Typography Round Neck Cotton Blend Light Green T-Sh...,985,1699,42
Rare Rabbit,Men Printed Round Neck Pure Cotton Green T-Shirt,1223,1799,32
Rare Rabbit,Men's Casual T-Shirts Men Solid Round Neck Pure Cotton ...,1399,2799,50
Rare Rabbit,Men Solid Round Neck Pure Cotton Dark Blue T-Shirt,1079,1799,40
Rare Rabbit,Men Solid Round Neck Pure Cotton Blue T-Shirt,959,1999,52
Rare Rabbit,Men Printed Round Neck Cotton Blend Beige T-Shirt,1079,1799,40
Rare Rabbit,Men Solid Hooded Neck Cotton Blend Maroon T-Shirt,2184,2299,5
Rare Rabbit,Men Printed Round Neck Cotton Blend Beige T-Shirt,1399,2799,50
Rare Rabbit,Men Solid Mandarin Collar Pure Cotton Blue T-Shirt,1449,2499,42
Rare Rabbit,Men Graphic Print Crew Neck Pure Cotton Green T-Shirt,899,1799,50
Rare Rabbit,Men Printed Round Neck Pure Cotton Black T-Shirt,1079,1799,40
Rare Rabbit,"Men Printed, Typography Round Neck Cotton Blend Green T...",1149,2299,50
Rare Rabbit,Crew Men's T-Shirts Slim Fit Men Printed Round Neck Pur...,881,1799,51
Rare Rabbit,Crew Men's T-Shirts Slim Fit Men Graphic Print Round Ne...,881,1799,51
Rare Rabbit,Men Printed Round Neck Cotton Blend White T-Shirt,1126,2299,51
Rare Rabbit,Men Graphic Print Crew Neck Cotton Blend White T-Shirt,1264,2299,45
Rare Rabbit,Men Printed Round Neck Pure Cotton White T-Shirt,1080,2299,53
Rare Rabbit,Men Graphic Print Round Neck Cotton Blend Blue T-Shirt,1099,1999,45
Rare Rabbit,Men Typography Round Neck Cotton Blend Purple T-Shirt,1133,1799,37
Rare Rabbit,Men Striped Crew Neck Cotton Blend Yellow T-Shirt,2099,4199,50
Rare Rabbit,Men Printed Round Neck Pure Cotton White T-Shirt,1099,2199,50
Rare Rabbit,Men Typography Round Neck Cotton Blend White T-Shirt,1331,1799,26
Rare Rabbit,Men Solid Round Neck Cotton Blend Purple T-Shirt,1026,1299,21
Rare Rabbit,Men Printed Round Neck Pure Cotton Green T-Shirt,1094,1499,27
Rare Rabbit,Men Striped Round Neck Pure Cotton Yellow T-Shirt,999,1999,50
Rare Rabbit,Men Solid Polo Neck Cotton Blend Maroon T-Shirt,2339,3599,35
Rare Rabbit,Men Printed Round Neck Cotton Blend White T-Shirt,1079,1799,40
Rare Rabbit,Men Printed Crew Neck Pure Cotton Purple T-Shirt,1179,1999,41
Rare Rabbit,Men Solid High Neck Viscose Rayon Yellow T-Shirt,1679,2799,40
Rare Rabbit,Men Solid High Neck Viscose Rayon Beige T-Shirt,1819,2799,35
Rare Rabbit,Men Printed Round Neck Pure Cotton Navy Blue T-Shirt,1223,1799,32
Rare Rabbit,Men Solid Round Neck Cotton Blend Beige T-Shirt,1576,1899,17
Rare Rabbit,Men Solid Round Neck Pure Cotton Blue T-Shirt,1061,1799,41
Rare Rabbit,"Men Printed, Typography Round Neck Cotton Blend White T...",1199,1999,40
Rare Rabbit,Men Abstract Round Neck Pure Cotton Purple T-Shirt,899,1799,50
Rare Rabbit,Men Printed Round Neck Pure Cotton Navy Blue T-Shirt,1079,1799,40
Rare Rabbit,Men Printed Round Neck Pure Cotton White T-Shirt,1079,1799,40
Rare Rabbit,Men Graphic Print Round Neck Pure Cotton Blue T-Shirt,989,1799,45
Rare Rabbit,Men Solid Mandarin Collar Pure Cotton Pink T-Shirt,1759,2199,20
Rare Rabbit,Men Solid Polo Neck Pure Cotton White T-Shirt,1644,3499,53
Rare Rabbit,Men Solid Round Neck Cotton Blend Green T-Shirt,1169,1799,35
Rare Rabbit,Men Graphic Print Round Neck Pure Cotton Blue T-Shirt,1079,1799,40
Rare Rabbit,Men Graphic Print Round Neck Pure Cotton Yellow T-Shirt,863,1799,52
Rare Rabbit,Men Solid Round Neck Cotton Blend Pink T-Shirt,1091,1299,16
Rare Rabbit,Men Printed Round Neck Pure Cotton Beige T-Shirt,1149,2299,50
Rare Rabbit,Men Solid Round Neck Cotton Blend Green T-Shirt,974,1299,25
Rare Rabbit,Men Solid Mandarin Collar Pure Cotton Navy Blue T-Shirt,2879,3199,10
Rare Rabbit,Men Solid Polo Neck Pure Cotton Green T-Shirt,1459,1999,27
Rare Rabbit,Men Graphic Print Round Neck Cotton Blend Black T-Shirt,1124,1499,25
Rare Rabbit,Men Printed Round Neck Pure Cotton Green T-Shirt,1079,1799,40
Rare Rabbit,Men Printed Round Neck Pure Cotton Beige T-Shirt,1079,1799,40
Rare Rabbit,Men Solid V Neck Pure Cotton Maroon T-Shirt,899,1799,50
Rare Rabbit,Men Striped Crew Neck Cotton Blend Grey T-Shirt,1399,2799,50
Rare Rabbit,Men Solid Crew Neck Cotton Blend Maroon T-Shirt,1954,2299,15
Rare Rabbit,Men Graphic Print Round Neck Pure Cotton Black T-Shirt,899,1999,55
Rare Rabbit,Men Striped Crew Neck Cotton Blend Grey T-Shirt,1399,2799,50
Rare Rabbit,Men Solid Mandarin Collar Pure Cotton Multicolor T-Shir...,1624,2499,35
Rare Rabbit,Men Solid Round Neck Cotton Blend Grey T-Shirt,1103,2299,52
Rare Rabbit,Men Solid Round Neck Cotton Blend Yellow T-Shirt,1576,1899,17
Rare Rabbit,Men Solid V Neck Cotton Blend Black T-Shirt,1169,1299,10
Rare Rabbit,Men Solid Polo Neck Cotton Blend Yellow T-Shirt,2449,3499,30
Rare Rabbit,Men Solid Polo Neck Pure Cotton Green T-Shirt,1749,3499,50
Rare Rabbit,Men Solid Round Neck Pure Cotton Pink T-Shirt,1223,1799,32
Rare Rabbit,Men Self Design Polo Neck Cotton Blend Purple T-Shirt,1649,3299,50
Rare Rabbit,Men Solid Round Neck Cotton Blend Maroon T-Shirt,1709,1899,10
Rare Rabbit,Men Printed Round Neck Pure Cotton Navy Blue T-Shirt,1331,1799,26
Rare Rabbit,Men Typography Round Neck Pure Cotton Blue T-Shirt,1019,1499,32
Rare Rabbit,Men Printed Polo Neck Pure Cotton Green T-Shirt,1439,3199,55
Rare Rabbit,Men Solid Round Neck Cotton Blend Blue T-Shirt,1079,1799,40
Rare Rabbit,Men Solid Round Neck Pure Cotton Blue T-Shirt,959,1999,52
Rare Rabbit,Men Printed Round Neck Cotton Blend Blue T-Shirt,1199,1999,40
Rare Rabbit,Men Solid Crew Neck Cotton Blend Brown T-Shirt,1594,2899,45
Rare Rabbit,Men Self Design Round Neck Pure Cotton Beige T-Shirt,1563,2299,32
Rare Rabbit,Men Solid Crew Neck Cotton Blend Blue T-Shirt,1614,1899,15
Rare Rabbit,Men Solid Round Neck Pure Cotton Dark Blue T-Shirt,999,1999,50
Rare Rabbit,"Men Printed, Typography Round Neck Pure Cotton White T-...",1149,2299,50
Rare Rabbit,Men Printed Round Neck Cotton Blend Black T-Shirt,1043,1799,42
Rare Rabbit,Men Typography Round Neck Cotton Blend White T-Shirt,1079,1799,40
Rare Rabbit,Men Solid Round Neck Cotton Blend White T-Shirt,1094,1499,27
Rare Rabbit,Men Printed Round Neck Pure Cotton Dark Blue T-Shirt,1169,1799,35
Rare Rabbit,Men Printed Round Neck Pure Cotton Blue T-Shirt,1179,1999,41
Rare Rabbit,Men Solid Round Neck Pure Cotton Grey T-Shirt,749,1499,50
Rare Rabbit,Men Printed Round Neck Pure Cotton Purple T-Shirt,1159,1999,42
Rare Rabbit,Men Printed Round Neck Pure Cotton White T-Shirt,979,1999,51
Rare Rabbit,Men Graphic Print Crew Neck Pure Cotton Blue T-Shirt,2969,3299,10
Rare Rabbit,Men Printed Round Neck Pure Cotton Beige T-Shirt,899,1499,40
Rare Rabbit,Men Typography Round Neck Pure Cotton Black T-Shirt,999,1999,50
Rare Rabbit,Men Colorblock Polo Neck Pure Cotton Green T-Shirt,1399,2799,50
Rare Rabbit,Men Printed Round Neck Cotton Blend Grey T-Shirt,1499,2999,50
Rare Rabbit,"Men Printed, Typography Round Neck Cotton Blend Red T-S...",1599,3199,50
Rare Rabbit,Men Solid Round Neck Pure Cotton Green T-Shirt,1379,2299,40
Rare Rabbit,Men Printed Round Neck Pure Cotton White T-Shirt,999,1999,50
Rare Rabbit,Men Printed Round Neck Cotton Blend Black T-Shirt,1279,1999,36
Rare Rabbit,"Men Printed, Typography Round Neck Cotton Blend Beige T...",1043,1799,42
Rare Rabbit,Men Graphic Print Round Neck Pure Cotton Navy Blue T-Sh...,899,1799,50
Rare Rabbit,Men Typography Round Neck Pure Cotton Blue T-Shirt,1061,1799,41
Rare Rabbit,Men Striped Round Neck Cotton Blend Black T-Shirt,1899,3799,50
Rare Rabbit,Men Striped Round Neck Pure Cotton Blue T-Shirt,869,1499,42
Rare Rabbit,Men Solid Round Neck Pure Cotton Orange T-Shirt,979,1999,51
Rare Rabbit,Men Solid Round Neck Pure Cotton Blue T-Shirt,779,1299,40
Rare Rabbit,Men Graphic Print Round Neck Pure Cotton Blue T-Shirt,989,1799,45
Rare Rabbit,Men Solid Polo Neck Pure Cotton White T-Shirt,1644,3499,53
Rare Rabbit,Men Solid Round Neck Pure Cotton Pink T-Shirt,884,1499,41
Rare Rabbit,Men Solid Polo Neck Pure Cotton Orange T-Shirt,1499,2499,40
Rare Rabbit,Men Printed Round Neck Pure Cotton Blue T-Shirt,1313,1799,27
Rare Rabbit,Men Solid Polo Neck Cotton Blend Purple T-Shirt,1749,3499,50
Rare Rabbit,Men Solid Polo Neck Pure Cotton Black T-Shirt,1839,2299,20
Rare Rabbit,Men Solid Round Neck Cotton Blend Pink T-Shirt,1133,1799,37
Rare Rabbit,Men Solid Polo Neck Pure Cotton Yellow T-Shirt,1599,2499,36
Rare Rabbit,Men Graphic Print Round Neck Pure Cotton Blue T-Shirt,1151,1799,36
Rare Rabbit,Men Solid Polo Neck Pure Cotton Brown T-Shirt,1737,2199,21
Rare Rabbit,Men Graphic Print Round Neck Pure Cotton Black T-Shirt,899,1799,50
Rare Rabbit,Men Solid Polo Neck Pure Cotton Red T-Shirt,1699,2499,32
Rare Rabbit,Men Printed Round Neck Cotton Blend Brown T-Shirt,1126,2299,51
Rare Rabbit,Men Solid Crew Neck Cotton Blend Green T-Shirt,1954,2299,15
Rare Rabbit,Men Striped Crew Neck Cotton Blend Blue T-Shirt,1399,2799,50
Rare Rabbit,Men Printed Round Neck Pure Cotton Navy Blue T-Shirt,899,1799,50
Rare Rabbit,Men Printed Round Neck Pure Cotton Blue T-Shirt,899,1499,40
Rare Rabbit,Men Typography Round Neck Cotton Blend Navy Blue T-Shir...,1223,1799,32
Rare Rabbit,Men Graphic Print Round Neck Pure Cotton Purple T-Shirt,1151,1799,36
Rare Rabbit,Men Solid Round Neck Cotton Blend Pink T-Shirt,1019,1499,32
Rare Rabbit,Men Solid Polo Neck Pure Cotton Light Green T-Shirt,1421,1799,21
Rare Rabbit,Men Graphic Print Round Neck Pure Cotton Black T-Shirt,899,1799,50
Rare Rabbit,Men Solid Round Neck Cotton Blend Black T-Shirt,1399,2799,50
Rare Rabbit,Men Typography Round Neck Cotton Blend Pink T-Shirt,1599,3199,50
Rare Rabbit,Men Graphic Print Round Neck Cotton Blend Green T-Shirt,1499,2999,50
Rare Rabbit,Men Striped Round Neck Cotton Blend Beige T-Shirt,1861,3799,51
Rare Rabbit,Men Graphic Print Round Neck Cotton Blend Black T-Shirt,1199,1999,40
Rare Rabbit,Men Graphic Print Round Neck Pure Cotton White T-Shirt,899,1799,50
Rare Rabbit,Men Striped Round Neck Pure Cotton Dark Blue T-Shirt,1199,1999,40
Rare Rabbit,Men Solid Round Neck Pure Cotton Black T-Shirt,1343,2799,52
Rare Rabbit,Men Graphic Print Round Neck Pure Cotton Green T-Shirt,899,1799,50
Rare Rabbit,Men Printed Round Neck Pure Cotton White T-Shirt,1149,2299,50
Rare Rabbit,Men Solid Polo Neck Pure Cotton Pink T-Shirt,1816,2299,21
Rare Rabbit,Men Solid Round Neck Pure Cotton Blue T-Shirt,909,1299,30
Rare Rabbit,Men Self Design Polo Neck Pure Cotton Pink T-Shirt,1819,2799,35
Rare Rabbit,Men Printed Round Neck Pure Cotton White T-Shirt,884,1499,41
Rare Rabbit,Men Printed Round Neck Cotton Blend Green T-Shirt,1079,1799,40
Rare Rabbit,Men Printed Round Neck Pure Cotton Pink T-Shirt,1061,1799,41
Rare Rabbit,Men Colorblock Round Neck Pure Cotton Pink T-Shirt,899,1499,40
Rare Rabbit,Men's Casual T-Shirts Men Solid Round Neck Pure Cotton ...,1399,2799,50
Rare Rabbit,Men Striped Round Neck Pure Cotton Black T-Shirt,1151,1799,36
Rare Rabbit,Men Solid Polo Neck Cotton Blend Pink T-Shirt,1749,3499,50
Rare Rabbit,Men Solid Round Neck Pure Cotton Dark Blue T-Shirt,979,1999,51
Rare Rabbit,Men Printed Round Neck Cotton Blend Grey T-Shirt,899,1799,50
Rare Rabbit,Men Striped Polo Neck Pure Cotton Green T-Shirt,1699,3399,50
Rare Rabbit,Men Printed Round Neck Pure Cotton White T-Shirt,1099,2199,50
Rare Rabbit,Men Graphic Print Crew Neck Pure Cotton Beige T-Shirt,3398,3399,0
Rare Rabbit,Men Printed Round Neck Pure Cotton Purple T-Shirt,899,1799,50
Rare Rabbit,Men Solid Round Neck Pure Cotton Beige T-Shirt,1471,2299,36
Rare Rabbit,Men Solid Round Neck Cotton Blend Dark Green T-Shirt,1379,2299,40
Rare Rabbit,Men Solid Polo Neck Pure Cotton Purple T-Shirt,1749,3499,50
Rare Rabbit,Men Printed Round Neck Cotton Blend White T-Shirt,1149,2299,50
Rare Rabbit,Men Solid Polo Neck Pure Cotton Dark Blue T-Shirt,1624,2499,35
Rare Rabbit,Men Solid Polo Neck Pure Cotton Beige T-Shirt,1627,2199,26
Rare Rabbit,Men Typography Crew Neck Pure Cotton Green T-Shirt,1061,1799,41
Rare Rabbit,Men Solid Round Neck Pure Cotton Black T-Shirt,899,1799,50
Rare Rabbit,Men Solid Polo Neck Pure Cotton Purple T-Shirt,1399,1999,30
Rare Rabbit,Men Graphic Print Round Neck Pure Cotton White T-Shirt,1151,1799,36
Rare Rabbit,Men Printed Round Neck Pure Cotton Blue T-Shirt,1079,1799,40
Rare Rabbit,Men Solid Round Neck Cotton Blend Black T-Shirt,1169,1299,10
Rare Rabbit,Men Solid Round Neck Pure Cotton Light Blue T-Shirt,959,1999,52
Rare Rabbit,FULL- FULL SLEEVES MEN'S T SHIRT - NAVY Men Solid Round...,1399,2799,50
Rare Rabbit,Men Typography Round Neck Pure Cotton Green T-Shirt,1511,1799,16
Rare Rabbit,Men Printed Round Neck Pure Cotton Black T-Shirt,1199,1999,40
Rare Rabbit,Men Printed Round Neck Pure Cotton Navy Blue T-Shirt,1169,1799,35
Rare Rabbit,Men Printed Round Neck Pure Cotton White T-Shirt,979,1999,51
Rare Rabbit,Men Solid V Neck Pure Cotton Green T-Shirt,809,1799,55
Rare Rabbit,"Men Printed, Typography Round Neck Cotton Blend White T...",1149,2299,50
Rare Rabbit,Men Solid Round Neck Pure Cotton White T-Shirt,899,1799,50
Rare Rabbit,Men Solid V Neck Pure Cotton Green T-Shirt,809,1799,55
Rare Rabbit,Men Colorblock Round Neck Pure Cotton Pink T-Shirt,1279,1999,36
Rare Rabbit,Men Solid Polo Neck Pure Cotton White T-Shirt,1259,1799,30
Rare Rabbit,Men Solid Round Neck Pure Cotton White T-Shirt,1356,2299,41
Rare Rabbit,Men Solid Round Neck Pure Cotton Pink T-Shirt,1019,1499,32
Rare Rabbit,Men Typography Round Neck Cotton Blend Black T-Shirt,1299,1999,35
Rare Rabbit,Men Solid Hooded Neck Cotton Blend Black T-Shirt,2023,2299,12
Rare Rabbit,"Men Printed, Typography Round Neck Pure Cotton Red T-Sh...",1149,2299,50
