Title,MRP,SP,Discount
AIRism Cotton Long Sleeve Crew Neck T-Shirt,,1990,0
Waffle Henley Neck Long Sleeve T-Shirt,,1990,0
Waffle Crew Neck Long Sleeve T-Shirt,,1990,0
Soft Brushed Crew Neck Long Sleeve T-Shirt,,1490,0
Waffle Henley Neck Long Sleeve T-Shirt,,1990,0
AIRism Cotton Crew Neck Half Sleeve Oversized T-Shirt,,1490,0
Supima Cotton Crew Neck Short Sleeve T-Shirt,,1290,0
Crew Neck Short Sleeve T-Shirt,,1290,0
AIRism Cotton Oversized Striped T-Shirt (Half Sleeve),,1490,0
DRY-EX Short Sleeve Crew Neck T-Shirt,,1990,0
DRY-EX Short Sleeve T-Shirt,,1490,0
DRY-EX Short Sleeve T-Shirt (Light),,1490,0
DRY-EX Short Sleeve T-Shirt (Print),,1490,0
DRY-EX Crew Neck Short Sleeve T-Shirt,,1490,0
Dry Crew Neck Short Sleeve T-Shirt,,490,0
AIRism Cotton Sleeveless T-Shirt,,1290,0
AIRism Cotton Sleeveless T-Shirt,,1290,0
HEATTECH Extra Warm Cotton Waffle T-Shirt,,1990,0
Dry Crew Neck Short Sleeve Colour T-Shirt,,490,0
AIRism Cotton Crew Neck T-Shirt,,990,0
PEACE FOR ALL (Saul Leiter) (Short Sleeve T-Shirt),,1490,0
PEACE FOR ALL (Han Meilin) (Short Sleeve T-Shirt),,1490,0
PEACE FOR ALL (Tokujin Yoshioka) (Short Sleeve T-Shirt),,1490,0
PEACE FOR ALL (Takeshi Yoro) (Short Sleeve T-Shirt),,1490,0
PEACE FOR ALL (K. Hosseini) (Short Sleeve T-Shirt),,1490,0
PEACE FOR ALL (H. Kuiseko) (Short Sleeve T-Shirt),,1490,0
PEACE FOR ALL (Jason Polan) (Short Sleeve T-Shirt),,1490,0
PEACE FOR ALL (H&Dem) (Short Sleeve T-Shirt),,1490,0
PEACE FOR ALL (Ultraman) (Short Sleeve T-Shirt),,1490,0
PEACE FOR ALL (Yu Nagaba) (Short Sleeve T-Shirt),,1490,0
PEACE FOR ALL (F. Risso) (Short-Sleeve Graphic T-Shirt),,1490,0
PEACE FOR ALL (Julian Opie) (Short-Sleeve Graphic T-Shirt),,1490,0
PEACE FOR ALL (E. Moureaux) (Short Sleeve T-Shirt),,1490,0
PEACE FOR ALL (Keith Haring) (Short-Sleeve Graphic T-Shirt),,1490,0
PEACE FOR ALL (Haruka Ayase) (Short-Sleeve Graphic T-Shirt),,1490,0
PEACE FOR ALL (Magnum Photos) (Short-Sleeve Graphic T-Shirt),,1490,0
PEACE FOR ALL (Daido Moriyama) (Short-Sleeve Graphic T-Shirt),,1490,0
PEACE FOR ALL (Peanuts) (Short-Sleeve Graphic T-Shirt),,1490,0
PEACE FOR ALL (Wim Wenders) (Short-Sleeve Graphic T-Shirt),,1490,0
PEACE FOR ALL (Jean-Michel Basquiat) (Short-Sleeve Graphic T-Shirt),,1490,0
PEACE FOR ALL (Dick Bruna) (Short-Sleeve Graphic T-Shirt),,1490,0
PEACE FOR ALL (Roger Federer) (Short-Sleeve Graphic T-Shirt),,1490,0
PEACE FOR ALL (Lisa Larson) (Short-Sleeve Graphic T-Shirt),,1490,0
PEACE FOR ALL Akamai Technologies (Short Sleeve UT) (Short-Sleeve Graphic T-Shirt),,1490,0
PEACE FOR ALL (Hana Tajima) (Short-Sleeve Graphic T-Shirt),,1490,0
PEACE FOR ALL (JW Anderson) (Short-Sleeve Graphic T-Shirt),,1490,0
PEACE FOR ALL (Christophe Lemaire) (Short-Sleeve Graphic T-Shirt),,1490,0
PEACE FOR ALL (Ines De La Fressange) (Short-Sleeve Graphic T-Shirt),,1490,0
Dry Color Crew Neck Short Sleeve T-Shirt,,490,0
DRY-EX UV Protection Half Zip T-Shirt,,2490,0
AIRism Cotton Relaxed Fit Half Sleeve T-Shirt,1490,990,34
DRY-EX V Neck T-Shirt,1990,1490,25
DRY-EX Polo Shirt,1990,1490,25
DRY-EX Short Sleeve T-Shirt,1490,990,34
AIRism Cotton Sleeveless Striped T-Shirt,1290,990,23
DRY-EX Tank Top,1290,990,23
AIRism Cotton Oversize V Neck Half Sleeve T-Shirt,1490,990,34
Graphic Short Sleeve T-Shirt,1490,790,47
AIRism Cotton Pique Polo Shirt,,1990,0
Dry Pique Short Sleeve Polo Shirt,,1990,0
AIRism Cotton Short Sleeve Polo Shirt (Front Open),,1990,0
AIRism Cotton Open Collar Short Sleeve Polo Shirt (Front Open),,1990,0
AIRism Cotton Short Sleeve Polo Shirt (Skipper Collar),,1990,0
Dry Pique Short Sleeve Polo Shirt,,1990,0
DRY-EX Polo Shirt,,1990,0
Dry-EX Short Sleeve Polo Shirt,,1990,0
Dry Pique Short Sleeve Polo Shirt,,1990,0
Dry Pique Short Sleeve Polo Shirt,,1990,0
Dry Pique Short Sleeve Polo Shirt,,1990,0
Dry Pique Short Sleeve Polo Shirt,,1990,0
Dry Pique Short Sleeve Polo Shirt,,1990,0
DRY-EX Polo Shirt,1990,1490,25
Knitted Short Sleeve Polo Shirt,2990,1990,33
ONE PIECE Anime 25th Short Sleeve UT,,1490,0
ONE PIECE Anime 25th Short Sleeve UT,,1490,0
ONE PIECE Anime 25th Short Sleeve UT,,1490,0
ONE PIECE Anime 25th Short Sleeve UT,,1490,0
ONE PIECE Anime 25th Short Sleeve UT,,1490,0
ONE PIECE Anime 25th Short Sleeve UT,,1490,0
ONE PIECE Anime 25th Short Sleeve UT,,1490,0
ONE PIECE Anime 25th Short Sleeve UT,,1490,0
Pokémon Short Sleeve UT,,1490,0
Pokémon Short Sleeve UT,,1490,0
Pokémon Short Sleeve UT,,1490,0
Pokémon Short Sleeve UT,,1490,0
FINAL FANTASY UT (Short Sleeve Graphic T-Shirt),,1490,0
FINAL FANTASY UT (Short Sleeve Graphic T-Shirt),,1490,0
FINAL FANTASY UT (Short Sleeve Graphic T-Shirt),,1490,0
FINAL FANTASY UT (Short Sleeve Graphic T-Shirt),,1490,0
FINAL FANTASY UT (Short Sleeve Graphic T-Shirt),,1490,0
FINAL FANTASY UT (Short Sleeve Graphic T-Shirt),,1490,0
FINAL FANTASY UT (Short Sleeve Graphic T-Shirt),,1490,0
Louvre x UTGP UT (Short Sleeve Graphic T-Shirt),,1490,0
Louvre x UTGP UT (Short Sleeve Graphic T-Shirt),,1490,0
Louvre x UTGP UT (Short Sleeve Graphic T-Shirt),,1490,0
Louvre x UTGP UT (Short Sleeve Graphic T-Shirt),,1490,0
Louvre x UTGP UT (Short Sleeve Graphic T-Shirt),,1490,0
Edo Era Animals UT (Short Sleeve Graphic T-Shirt),,1490,0
Edo Era Animals UT (Short Sleeve Graphic T-Shirt),,1490,0
Edo Era Animals UT (Short Sleeve Graphic T-Shirt),,1490,0
Edo Era Animals UT (Short Sleeve Graphic T-Shirt),,1490,0
Edo Era Animals UT (Short Sleeve Graphic T-Shirt),,1490,0
Harry Potter UT (Short Sleeve Graphic T-Shirt),,1490,0
Harry Potter UT (Short Sleeve Graphic T-Shirt),,1490,0
Harry Potter UT (Short Sleeve Graphic T-Shirt),,1490,0
Harry Potter UT (Short Sleeve Graphic T-Shirt),,1490,0
Harry Potter UT (Short Sleeve Graphic T-Shirt),,1490,0
Harry Potter UT (Short Sleeve Graphic T-Shirt),,1490,0
Star Wars: Return of the Jedi UT (Short Sleeve Graphic T-Shirt),,1490,0
Star Wars: The Empire Strikes Back UT (Short Sleeve Graphic T-Shirt),,1490,0
Star Wars: Return of the Jedi UT (Short Sleeve Graphic T-Shirt),,1490,0
Star Wars: The Empire Strikes Back UT (Short Sleeve Graphic T-Shirt),,1490,0
Star Wars: A New Hope UT (Short Sleeve Graphic T-Shirt),,1490,0
Star Wars: The Phantom Menace UT (Short Sleeve Graphic T-Shirt),,1490,0
Mickey Stands UT (Short Sleeve Graphic T-Shirt),,1490,0
Mickey Stands UT (Short Sleeve Graphic T-Shirt),,1490,0
Mickey Stands UT (Short Sleeve Graphic T-Shirt),,1490,0
PEANUTS You Can Be Anything! UT (Short Sleeve Graphic T-Shirt),,1490,0
PEANUTS You Can Be Anything! UT (Short Sleeve Graphic T-Shirt),,1490,0
PEANUTS You Can Be Anything! UT (Short Sleeve Graphic T-Shirt),,1490,0
Peanuts UT (Short Sleeve Graphic T-Shirt),,1490,0
Hokusai UT (Short Sleeve Graphic T-Shirt),,1490,0
Louvre x UTGP UT (Short Sleeve Graphic T-Shirt),,1490,0
NY POP ART Archive UT (Short Sleeve Graphic T-Shirt),,1490,0
NY POP ART Archive UT (Short Sleeve Graphic T-Shirt),,1490,0
NY POP ART Archive UT (Short Sleeve Graphic T-Shirt),,1490,0
NY POP ART Archive UT (Short Sleeve Graphic T-Shirt),,1490,0
NY POP ART Archive UT (Short Sleeve Graphic T-Shirt) (Keith Haring),,1490,0
NY POP ART Archive UT (Short Sleeve Graphic T-Shirt) (Keith Haring),,1490,0
NY POP ART Archive UT (Short Sleeve Graphic T-Shirt) (Keith Haring),,1490,0
NY POP ART Archive UT (Short Sleeve Graphic T-Shirt) (Basquiat),,1490,0
NY POP ART Archive UT (Short Sleeve Graphic T-Shirt) (Andy Warhol),,1490,0
NY POP ART Archive UT (Short Sleeve Graphic T-Shirt),,1490,0
Basquiat Ut Archive UT (Short Sleeve Graphic T-Shirt),,1490,0
Ukiyoe Archive UT (Short Sleeve Graphic T-Shirt),,1490,0
Ukiyoe Archive UT (Short Sleeve Graphic T-Shirt),,1490,0
Ukiyoe Archive UT (Short Sleeve Graphic T-Shirt),,1490,0
Ukiyoe Archive UT (Short Sleeve Graphic T-Shirt),,1490,0
Ukiyoe Archive UT (Short Sleeve Graphic T-Shirt),,1490,0
Ukiyoe Archive UT (Short Sleeve Graphic T-Shirt),,1490,0
Ukiyoe Archive UT (Short Sleeve Graphic T-Shirt),,1490,0
Mickey Stands UT (Short Sleeve Graphic T-Shirt),,1490,0
Mickey Stands UT (Short Sleeve Graphic T-Shirt),,1490,0
Mickey Stands UT (Short Sleeve Graphic T-Shirt),,1490,0
Mickey Stands UT (Short Sleeve Graphic T-Shirt),,1490,0
Unsodo Open Collar Shirt Short Sleeve,,2490,0
Unsodo Open Collar Shirt Short Sleeve,,2490,0
Open Collar Shirt Short Sleeve,,2490,0
Mickey Stands (Short Sleeve Graphic T-Shirt),,1490,0
Mickey Stands UT (Short Sleeve Graphic T-Shirt),,1490,0
Mickey Stands UT (Short Sleeve Graphic T-Shirt),,1490,0
Mickey Stands UT (Short Sleeve Graphic T-Shirt),,1490,0
Mickey Stands UT (Short Sleeve Graphic T-Shirt),,1490,0
Mickey Stands UT (Short Sleeve Graphic T-Shirt),,1490,0
OSHI NO KO (Short Sleeve Graphic T-Shirt),1490,990,34
OSHI NO KO (Short Sleeve Graphic T-Shirt),1490,990,34
OSHI NO KO (Short Sleeve Graphic T-Shirt),1490,990,34
OSHI NO KO (Short Sleeve Graphic T-Shirt),1490,990,34
OSHI NO KO (Short Sleeve Graphic T-Shirt),1490,990,34
The Legend of Zelda UT (Short Sleeve Graphic T-Shirt),1490,990,34
The Legend of Zelda UT (Short Sleeve Graphic T-Shirt),1490,990,34
The Legend of Zelda UT (Short Sleeve Graphic T-Shirt),1490,990,34
The Legend of Zelda UT (Short Sleeve Graphic T-Shirt),1490,990,34
The Legend of Zelda UT (Short Sleeve Graphic T-Shirt),1490,990,34
The Legend of Zelda UT (Short Sleeve Graphic T-Shirt),1490,990,34
Kaiju No.8 UT (Short Sleeve Graphic T-Shirt),1490,990,34
Kaiju No.8 UT (Short Sleeve Graphic T-Shirt),1490,990,34
Kaiju No.8 UT (Short Sleeve Graphic T-Shirt),1490,990,34
Kaiju No.8 UT (Short Sleeve Graphic T-Shirt),1490,990,34
Kaiju No.8 UT (Short Sleeve Graphic T-Shirt),1490,990,34
Kaiju No.8 UT (Short Sleeve Graphic T-Shirt),1490,990,34
CAPCOM 40th UT (Short Sleeve Graphic T-Shirt),1490,990,34
CAPCOM 40th UT (Short Sleeve Graphic T-Shirt),1490,990,34
CAPCOM 40th UT (Short Sleeve Graphic T-Shirt),1490,990,34
CAPCOM 40th UT (Short Sleeve Graphic T-Shirt),1490,990,34
CAPCOM 40th UT (Short Sleeve Graphic T-Shirt),1490,990,34
CAPCOM 40th UT (Short Sleeve Graphic T-Shirt),1490,990,34
CAPCOM 40th UT (Short Sleeve Graphic T-Shirt),1490,990,34
MoMA Art Icons UT (Short Sleeve Graphic T-Shirt),1490,990,34
MoMA Art Icons UT (Short Sleeve Graphic T-Shirt),1490,990,34
MoMA Art Icons UT (Short Sleeve Graphic T-Shirt),1490,990,34
Detective Conan (Case Closed) UT (Short Sleeve Graphic T-Shirt),1490,990,34
Detective Conan (Case Closed) UT (Short Sleeve Graphic T-Shirt),1490,990,34
Detective Conan (Case Closed) UT (Short Sleeve Graphic T-Shirt),1490,990,34
Detective Conan (Case Closed) UT (Short Sleeve Graphic T-Shirt),1490,790,47
Detective Conan (Case Closed) UT (Short Sleeve Graphic T-Shirt),1490,990,34
Detective Conan (Case Closed) UT (Short Sleeve Graphic T-Shirt),1490,990,34
Fujio 90th Anniversary UT (Short Sleeve Graphic T-Shirt),1490,990,34
Fujio 90th Anniversary UT (Short Sleeve Graphic T-Shirt),1490,990,34
Fujio 90th Anniversary UT (Short Sleeve Graphic T-Shirt),1490,990,34
Basquiat King Pleasure UT (Short Sleeve Graphic T-Shirt),1490,990,34
Basquiat King Pleasure UT (Short Sleeve Graphic T-Shirt),1490,990,34
Basquiat King Pleasure UT (Short Sleeve Graphic T-Shirt),1490,990,34
Basquiat King Pleasure UT (Short Sleeve Graphic T-Shirt),1490,990,34
HAIKYU!! UT (Short Sleeve Graphic T-Shirt),1490,990,34
HAIKYU!! UT (Short Sleeve Graphic T-Shirt),1490,990,34
Tate Gallery UT (Short Sleeve Graphic T-Shirt),1490,990,34
The SAKE Collection UT (Short Sleeve Graphic T-Shirt),1490,990,34
The SAKE Collection UT (Short Sleeve Graphic T-Shirt),1490,990,34
The SAKE Collection UT (Short Sleeve Graphic T-Shirt),1490,990,34
The SAKE Collection UT (Short Sleeve Graphic T-Shirt),1490,990,34
The SAKE Collection UT (Short Sleeve Graphic T-Shirt),1490,990,34
Andy Warhol Collage UT Graphic T-Shirt (Short Sleeve Graphic T-Shirt),1490,990,34
Andy Warhol Collage UT Graphic T-Shirt (Short Sleeve Graphic T-Shirt),1490,990,34
Mickey Stands UT (Short Sleeve Graphic T-Shirt),1490,990,34
Disney Vintage Poster Collection UT (Short Sleeve Graphic T-Shirt),1490,990,34
Disney Vintage Poster Collection UT (Short Sleeve Graphic T-Shirt),1490,990,34
METAL GEAR Archive UT (Short Sleeve Graphic T-Shirt),1490,990,34
Fighting Game Legends UT (Short Sleeve Graphic T-Shirt),1490,790,47
Fighting Game Legends UT (Short Sleeve Graphic T-Shirt),1490,790,47
PEANUTS You Can Be Anything! UT (Short Sleeve Graphic T-Shirt),1490,990,34
PEANUTS You Can Be Anything! UT (Short Sleeve Graphic T-Shirt),1490,990,34
PEANUTS You Can Be Anything! UT (Short Sleeve Graphic T-Shirt),1490,990,34
Keith Haring Subway Drawings UT (Short-Sleeve Graphic T-Shirt),1490,790,47
Hokusai UT (Short Sleeve Graphic T-Shirt),1490,990,34
Hokusai UT (Short Sleeve Graphic T-Shirt),1490,990,34
Hokusai UT (Short Sleeve Graphic T-Shirt),1490,990,34
Hokusai UT (Short Sleeve Graphic T-Shirt),1490,990,34
KAWS UT (Short Sleeve Graphic T-Shirt),1490,990,34
KAWS UT (Short Sleeve Graphic T-Shirt),1490,990,34
KAWS UT (Short Sleeve Graphic T-Shirt),1490,990,34
NY POP ART Archive UT (Short Sleeve Graphic T-Shirt) (Andy Warhol),1490,590,60
NY POP ART Archive UT (Short Sleeve Graphic T-Shirt) (Andy Warhol),1490,990,34
Jean-Michel Basquiat Archive UT (Short Sleeve Graphic T-Shirt),1490,990,34
