Brand,Title,SP,MRP
Rare Rabbit,Men Typography Round Neck Cotton Blend Black T-Shirt,"₹1,149","₹2,299"
Rare Rabbit,Men Printed Round Neck Cotton Blend White T-Shirt,"₹1,149","₹2,299"
Rare Rabbit,Men Printed Round Neck Cotton Blend Green T-Shirt,"₹1,149","₹2,299"
Rare Rabbit,Men Solid Crew Neck Cotton Blend Black T-Shirt,"₹1,169","₹1,799"
Rare Rabbit,Men Solid Polo Neck Pure Cotton White T-Shirt,"₹1,749","₹3,499"
Rare Rabbit,Men Solid Polo Neck Cotton Blend White T-Shirt,"₹1,644","₹3,499"
Rare Rabbit,Men Printed Round Neck Pure Cotton Green T-Shirt,"₹1,199","₹1,999"
Rare Rabbit,Men Solid Round Neck Cotton Blend Navy Blue T-Shirt,"₹1,124","₹1,499"
Rare Rabbit,Men Solid Round Neck Pure Cotton Pink T-Shirt,"₹1,079","₹1,799"
Rare Rabbit,Men Solid High Neck Viscose Rayon White T-Shirt,"₹1,819","₹2,799"
Rare Rabbit,Men Solid Round Neck Cotton Blend White T-Shirt,"₹1,399","₹2,799"
Rare Rabbit,Men Typography Round Neck Pure Cotton Blue T-Shirt,₹985,"₹1,699"
Rare Rabbit,Men Printed Round Neck Cotton Blend Black T-Shirt,"₹1,149","₹2,299"
Rare Rabbit,Men Graphic Print Crew Neck Pure Cotton Black T-Shirt,"₹3,798","₹3,799"
Rare Rabbit,Men Solid High Neck Viscose Rayon Black T-Shirt,"₹1,819","₹2,799"
Rare Rabbit,Men Solid Polo Neck Pure Cotton Pink T-Shirt,"₹1,649","₹3,299"
Rare Rabbit,Men Printed Round Neck Cotton Blend Navy Blue T-Shirt,"₹1,149","₹2,299"
Rare Rabbit,Men Printed Round Neck Cotton Blend Green T-Shirt,"₹1,149","₹2,299"
Rare Rabbit,Men Solid Round Neck Cotton Blend Brown T-Shirt,"₹1,151","₹1,799"
Rare Rabbit,Men Printed Round Neck Pure Cotton Blue T-Shirt,"₹1,149","₹2,299"
Rare Rabbit,Men Graphic Print Round Neck Pure Cotton Navy Blue T-Sh...,"₹1,079","₹1,799"
Rare Rabbit,Men Printed Round Neck Cotton Blend White T-Shirt,"₹1,149","₹2,299"
Rare Rabbit,Men Printed Round Neck Pure Cotton Green T-Shirt,"₹1,149","₹2,299"
Rare Rabbit,Men Printed Polo Neck Pure Cotton Black T-Shirt,"₹1,849","₹3,699"
Rare Rabbit,"Men Printed, Typography Round Neck Cotton Blend Green T...","₹1,169","₹1,799"
Rare Rabbit,Men Solid Mandarin Collar Pure Cotton Green T-Shirt,"₹1,737","₹2,199"
Rare Rabbit,Men Solid Polo Neck Pure Cotton Green T-Shirt,"₹1,624","₹2,499"
Rare Rabbit,Men Printed Round Neck Pure Cotton Dark Blue T-Shirt,₹899,"₹1,799"
Rare Rabbit,Men Printed Round Neck Cotton Blend Black T-Shirt,"₹1,249","₹2,499"
Rare Rabbit,Men Printed Round Neck Pure Cotton Green T-Shirt,₹953,"₹1,799"
Rare Rabbit,Men Graphic Print Round Neck Pure Cotton Grey T-Shirt,₹999,"₹1,999"
Rare Rabbit,Men Printed Round Neck Pure Cotton Black T-Shirt,"₹1,079","₹1,799"
Rare Rabbit,Men Printed Round Neck Cotton Blend Pink T-Shirt,"₹1,149","₹2,299"
Rare Rabbit,Men Printed Round Neck Cotton Blend Maroon T-Shirt,"₹1,259","₹1,799"
Rare Rabbit,Men Self Design Polo Neck Cotton Blend Brown T-Shirt,"₹2,099","₹4,199"
Rare Rabbit,Men Solid Round Neck Cotton Blend Green T-Shirt,"₹1,954","₹2,299"
Rare Rabbit,Men Typography Round Neck Cotton Blend Maroon T-Shirt,"₹1,094","₹1,499"
Rare Rabbit,Men Solid Polo Neck Cotton Blend Light Blue T-Shirt,"₹2,267","₹4,199"
Rare Rabbit,Men Printed Round Neck Cotton Blend Black T-Shirt,"₹1,079","₹1,799"
Rare Rabbit,Men Printed Round Neck Pure Cotton Navy Blue T-Shirt,"₹1,199","₹1,999"
Rare Rabbit,Men Solid Polo Neck Pure Cotton Pink T-Shirt,"₹1,749","₹3,499"
Rare Rabbit,"Men Printed, Typography Round Neck Cotton Blend Green T...","₹1,126","₹2,299"
Rare Rabbit,Men Graphic Print Round Neck Cotton Blend Red T-Shirt,₹999,"₹1,999"
Rare Rabbit,Men Solid Round Neck Pure Cotton Black T-Shirt,₹899,"₹1,799"
Rare Rabbit,Men Typography Round Neck Cotton Blend White T-Shirt,"₹1,099","₹2,199"
Rare Rabbit,Men Graphic Print Crew Neck Cotton Blend Green T-Shirt,"₹1,149","₹2,299"
Rare Rabbit,Men Striped Round Neck Pure Cotton Blue T-Shirt,"₹1,223","₹1,799"
Rare Rabbit,Men Solid Round Neck Cotton Blend Green T-Shirt,"₹1,576","₹1,899"
Rare Rabbit,RUBBER- BASIC MENS T SHIRT - GREEN Men Solid Round Neck...,₹959,"₹1,999"
Rare Rabbit,Men Printed Round Neck Pure Cotton White T-Shirt,"₹1,099","₹2,199"
Rare Rabbit,Men Solid Mandarin Collar Pure Cotton Purple T-Shirt,"₹1,474","₹2,499"
Rare Rabbit,Men Solid Crew Neck Pure Cotton Purple T-Shirt,"₹1,223","₹1,799"
Rare Rabbit,Men Printed Round Neck Cotton Blend Pink T-Shirt,"₹1,079","₹1,799"
Rare Rabbit,Men Printed Polo Neck Pure Cotton Multicolor T-Shirt,"₹1,879","₹3,999"
Rare Rabbit,Men Graphic Print Crew Neck Cotton Blend Black T-Shirt,"₹2,598","₹2,599"
Rare Rabbit,Men Printed Round Neck Pure Cotton Yellow T-Shirt,"₹1,241","₹1,799"
Rare Rabbit,Men Solid Round Neck Cotton Blend Green T-Shirt,"₹1,149","₹2,299"
Rare Rabbit,Men Printed Round Neck Cotton Blend Black T-Shirt,"₹1,199","₹1,999"
Rare Rabbit,Men Printed Crew Neck Cotton Blend Grey T-Shirt,"₹1,079","₹1,799"
Rare Rabbit,Men Graphic Print Crew Neck Cotton Blend Red T-Shirt,"₹2,498","₹2,499"
Rare Rabbit,Men Printed Round Neck Pure Cotton Beige T-Shirt,"₹1,179","₹1,999"
Rare Rabbit,Men Solid Round Neck Cotton Blend White T-Shirt,₹944,"₹1,499"
Rare Rabbit,Men Printed Round Neck Cotton Blend Beige T-Shirt,"₹1,449","₹2,899"
Rare Rabbit,Men Graphic Print Round Neck Pure Cotton Dark Green T-S...,"₹1,079","₹1,799"
Rare Rabbit,"Men Printed, Typography Round Neck Cotton Blend Red T-S...","₹1,149","₹2,299"
Rare Rabbit,Men Printed Round Neck Pure Cotton Purple T-Shirt,"₹1,079","₹1,799"
Rare Rabbit,Men Graphic Print Crew Neck Cotton Blend Light Blue T-S...,"₹2,498","₹2,499"
Rare Rabbit,Men Printed Round Neck Cotton Blend Orange T-Shirt,₹899,"₹1,799"
Rare Rabbit,Men Printed Round Neck Pure Cotton Green T-Shirt,"₹1,149","₹2,299"
Rare Rabbit,Men Printed Round Neck Cotton Blend White T-Shirt,"₹1,149","₹2,299"
Rare Rabbit,Men Printed Round Neck Nylon Light Blue T-Shirt,"₹1,099","₹2,199"
Rare Rabbit,Men Graphic Print Round Neck Cotton Blend Green T-Shirt,"₹1,379","₹2,299"
Rare Rabbit,Men Typography Crew Neck Pure Cotton Pink T-Shirt,"₹1,199","₹1,499"
Rare Rabbit,Men Graphic Print Crew Neck Pure Cotton Black T-Shirt,"₹3,198","₹3,199"
Rare Rabbit,Men Printed Round Neck Cotton Blend Navy Blue T-Shirt,"₹1,264","₹2,299"
Rare Rabbit,Men Solid Polo Neck Pure Cotton Pink T-Shirt,"₹1,749","₹3,499"
Rare Rabbit,Men Solid Mandarin Collar Pure Cotton Black T-Shirt,"₹1,429","₹2,199"
Rare Rabbit,Men Graphic Print Crew Neck Cotton Blend Light Blue T-S,"₹2,498","₹2,499"
Rare Rabbit,Men Printed Round Neck Pure Cotton Grey T-Shirt,"₹1,133","₹1,799"
Rare Rabbit,Men Solid Round Neck Pure Cotton Blue T-Shirt,₹899,"₹1,799"
Rare Rabbit,Men Solid Polo Neck Pure Cotton Orange T-Shirt,"₹1,799","₹2,999"
Rare Rabbit,Men Graphic Print Crew Neck Cotton Blend Pink T-Shirt,"₹2,498","₹2,499"
Rare Rabbit,Men Graphic Print Crew Neck Cotton Blend Dark Green T-S...,"₹2,498","₹2,499"
Rare Rabbit,"Men Printed, Typography Round Neck Cotton Blend Blue T-...",₹999,"₹1,999"
Rare Rabbit,Men Graphic Print Crew Neck Cotton Blend White T-Shirt,"₹2,498","₹2,499"
Rare Rabbit,Men Printed Round Neck Pure Cotton Dark Blue T-Shirt,"₹1,099","₹2,199"
Rare Rabbit,Men Graphic Print Crew Neck Cotton Blend Maroon T-Shirt,"₹2,598","₹2,599"
Rare Rabbit,Men Graphic Print Crew Neck Cotton Blend White T-Shirt,"₹2,498","₹2,499"
Rare Rabbit,Men Graphic Print Crew Neck Cotton Blend Light Blue T-S...,"₹2,598","₹2,599"
Rare Rabbit,Men Solid Round Neck Pure Cotton Green T-Shirt,"₹1,079","₹1,799"
Rare Rabbit,Men Graphic Print Crew Neck Cotton Blend Blue T-Shirt,"₹2,498","₹2,499"
Rare Rabbit,Men Graphic Print Crew Neck Cotton Blend Black T-Shirt,"₹1,151","₹1,799"
Rare Rabbit,Men Typography Round Neck Cotton Blend Grey T-Shirt,"₹1,079","₹1,799"
Rare Rabbit,Men Graphic Print Crew Neck Cotton Blend Black T-Shirt,"₹2,498","₹2,499"
Rare Rabbit,Men Printed Round Neck Pure Cotton Maroon T-Shirt,"₹1,349","₹2,999"
Rare Rabbit,Men Graphic Print Crew Neck Cotton Blend White T-Shirt,"₹2,498","₹2,499"
Rare Rabbit,Men Graphic Print Crew Neck Cotton Blend White T-Shirt,"₹2,498","₹2,499"
Rare Rabbit,Men Graphic Print Crew Neck Cotton Blend Black T-Shirt,"₹2,498","₹2,499"
Rare Rabbit,Men Graphic Print Round Neck Pure Cotton Purple T-Shirt,₹989,"₹1,799"
Rare Rabbit,Men Graphic Print Crew Neck Cotton Blend Black T-Shirt,"₹2,498","₹2,499"
Rare Rabbit,Men Graphic Print Crew Neck Cotton Blend Black T-Shirt,"₹2,698","₹2,699"
Rare Rabbit,Men Colorblock Round Neck Pure Cotton Multicolor T-Shir...,"₹1,223","₹1,799"
Rare Rabbit,"Men Printed, Typography Crew Neck Cotton Blend Yellow T...","₹1,499","₹2,999"
Rare Rabbit,Men Graphic Print Crew Neck Pure Cotton White T-Shirt,"₹2,998","₹2,999"
Rare Rabbit,Men Printed Round Neck Pure Cotton Black T-Shirt,"₹1,079","₹1,799"
Rare Rabbit,Men Graphic Print Crew Neck Pure Cotton White T-Shirt,"₹3,198","₹3,199"
Rare Rabbit,Men Graphic Print Round Neck Cotton Blend Purple T-Shir...,"₹1,099","₹1,999"
Rare Rabbit,Men Graphic Print Crew Neck Pure Cotton Blue T-Shirt,"₹3,398","₹3,399"
Rare Rabbit,Men Printed Round Neck Cotton Blend Blue T-Shirt,"₹1,079","₹1,799"
Rare Rabbit,Men Graphic Print Crew Neck Pure Cotton Black T-Shirt,"₹3,398","₹3,399"
Rare Rabbit,Men Embroidered Crew Neck Pure Cotton Black T-Shirt,"₹3,059","₹3,399"
Rare Rabbit,Men Graphic Print Crew Neck Cotton Blend White T-Shirt,"₹2,498","₹2,499"
Rare Rabbit,Men Printed Round Neck Pure Cotton Blue T-Shirt,₹899,"₹1,499"
Rare Rabbit,Men Solid Round Neck Pure Cotton Dark Green T-Shirt,₹844,"₹1,299"
Rare Rabbit,Men Graphic Print Round Neck Pure Cotton White T-Shirt,₹881,"₹1,799"
Rare Rabbit,Men Printed Round Neck Pure Cotton Blue T-Shirt,"₹1,279","₹1,999"
Rare Rabbit,Men Printed Round Neck Pure Cotton Purple T-Shirt,"₹1,079","₹1,799"
Rare Rabbit,"Men Printed, Typography Round Neck Cotton Blend Green T...",₹999,"₹1,999"
Rare Rabbit,Men Solid Round Neck Pure Cotton Yellow T-Shirt,₹884,"₹1,499"
Rare Rabbit,Men Printed Round Neck Cotton Blend Grey T-Shirt,"₹1,061","₹1,799"
Rare Rabbit,DAO- GRAPHIC PRINT MENS T SHIRT - PETROL Men Solid Roun...,₹884,"₹1,499"
Rare Rabbit,Men Printed Round Neck Cotton Blend Purple T-Shirt,"₹1,399","₹2,799"
Rare Rabbit,Men Graphic Print Crew Neck Pure Cotton Maroon T-Shirt,"₹3,398","₹3,399"
Rare Rabbit,Men Printed Round Neck Cotton Blend Green T-Shirt,"₹1,149","₹2,299"
Rare Rabbit,Men Graphic Print Crew Neck Pure Cotton White T-Shirt,"₹3,398","₹3,399"
Rare Rabbit,Men Printed Round Neck Cotton Blend Green T-Shirt,"₹1,499","₹2,999"
Rare Rabbit,Men Solid Hooded Neck Cotton Blend White T-Shirt,"₹2,046","₹2,299"
Rare Rabbit,Men Graphic Print Round Neck Pure Cotton Grey T-Shirt,"₹1,223","₹1,799"
Rare Rabbit,Men Solid Round Neck Pure Cotton Green T-Shirt,"₹1,379","₹1,999"
Rare Rabbit,Men Striped Crew Neck Cotton Blend Brown T-Shirt,"₹1,399","₹2,799"
Rare Rabbit,Men Graphic Print Crew Neck Pure Cotton Black T-Shirt,"₹3,698","₹3,699"
Rare Rabbit,Men Graphic Print Round Neck Pure Cotton Black T-Shirt,₹899,"₹1,999"
Rare Rabbit,Men Colorblock Round Neck Pure Cotton Purple T-Shirt,"₹1,169","₹1,799"
Rare Rabbit,Men Printed Round Neck Pure Cotton Yellow T-Shirt,"₹1,079","₹1,799"
Rare Rabbit,Men Embroidered Crew Neck Pure Cotton Green T-Shirt,"₹3,059","₹3,399"
Rare Rabbit,Men Graphic Print Crew Neck Pure Cotton Dark Green T-Sh...,"₹3,059","₹3,399"
Rare Rabbit,Men Embroidered Crew Neck Pure Cotton White T-Shirt,"₹3,398","₹3,399"
Rare Rabbit,Men Solid Mandarin Collar Pure Cotton White T-Shirt,"₹2,043","₹2,799"
Rare Rabbit,Men Printed Round Neck Cotton Blend Grey T-Shirt,"₹1,649","₹2,999"
Rare Rabbit,Men Solid Round Neck Cotton Blend White T-Shirt,"₹1,499","₹2,999"
Rare Rabbit,Men Printed Round Neck Cotton Blend Black T-Shirt,"₹1,079","₹1,799"
Rare Rabbit,Men Solid Round Neck Pure Cotton White T-Shirt,"₹1,574","₹2,499"
Rare Rabbit,Men Graphic Print Round Neck Pure Cotton Navy Blue T-Sh...,₹899,"₹1,799"
Rare Rabbit,Men Typography Round Neck Pure Cotton Multicolor T-Shir...,"₹1,563","₹2,299"
Rare Rabbit,Men Solid Round Neck Pure Cotton White T-Shirt,"₹1,019","₹1,499"
Rare Rabbit,Men Printed Round Neck Pure Cotton Blue T-Shirt,"₹1,149","₹2,299"
Rare Rabbit,Men Graphic Print Crew Neck Pure Cotton White T-Shirt,"₹3,798","₹3,799"
Rare Rabbit,"Men Printed, Typography Round Neck Pure Cotton White T-...","₹1,079","₹1,799"
Rare Rabbit,Men Solid Polo Neck Pure Cotton Blue T-Shirt,"₹1,749","₹3,499"
Rare Rabbit,"Men Printed, Typography Round Neck Cotton Blend Black T...","₹1,199","₹1,999"
Rare Rabbit,Men Solid Crew Neck Pure Cotton Beige T-Shirt,"₹1,079","₹1,799"
Rare Rabbit,Men Solid Crew Neck Cotton Blend Pink T-Shirt,"₹1,576","₹1,899"
Rare Rabbit,Men Graphic Print Round Neck Pure Cotton Green T-Shirt,₹934,"₹1,699"
Rare Rabbit,Men Self Design Round Neck Pure Cotton Purple T-Shirt,₹899,"₹1,799"
Rare Rabbit,"Men Striped Crew Neck Cotton Blend Black, White T-Shirt","₹1,399","₹2,799"
Rare Rabbit,Men Typography Round Neck Cotton Blend Black T-Shirt,"₹1,249","₹2,499"
Rare Rabbit,Men Printed Round Neck Pure Cotton Grey T-Shirt,"₹1,079","₹1,799"
Rare Rabbit,Men Solid Round Neck Pure Cotton Maroon T-Shirt,"₹1,356","₹2,299"
Rare Rabbit,Men Solid Polo Neck Pure Cotton Purple T-Shirt,"₹1,644","₹3,499"
Rare Rabbit,Men Printed Round Neck Cotton Blend Black T-Shirt,"₹1,199","₹1,999"
Rare Rabbit,Men Solid Round Neck Pure Cotton White T-Shirt,"₹1,399","₹2,799"
Rare Rabbit,"Men Printed, Typography Round Neck Cotton Blend Green T...","₹1,099","₹1,999"
Rare Rabbit,Men Solid Round Neck Cotton Blend Green T-Shirt,"₹1,151","₹1,799"
Rare Rabbit,Men Solid Round Neck Pure Cotton Navy Blue T-Shirt,"₹1,149","₹2,299"
Rare Rabbit,Men Printed Round Neck Cotton Blend Light Green T-Shirt,"₹1,149","₹2,299"
Rare Rabbit,Men Self Design Round Neck Cotton Blend Green T-Shirt,"₹1,671","₹1,899"
Rare Rabbit,Men Solid Polo Neck Pure Cotton Multicolor T-Shirt,"₹1,599","₹2,499"
Rare Rabbit,Men Solid Polo Neck Cotton Blend Green T-Shirt,"₹1,849","₹3,699"
Rare Rabbit,"Men Printed, Typography Round Neck Cotton Blend Green T...","₹1,264","₹2,299"
Rare Rabbit,Men Printed Round Neck Pure Cotton Black T-Shirt,"₹1,149","₹2,299"
Rare Rabbit,Men Graphic Print Round Neck Pure Cotton Yellow T-Shirt,₹899,"₹1,799"
Rare Rabbit,Men Solid V Neck Cotton Blend Maroon T-Shirt,"₹1,169","₹1,299"
Rare Rabbit,Men Abstract Round Neck Pure Cotton Green T-Shirt,₹899,"₹1,799"
Rare Rabbit,Men Printed Round Neck Pure Cotton Blue T-Shirt,"₹1,149","₹2,299"
Rare Rabbit,Men Solid Round Neck Pure Cotton Black T-Shirt,"₹1,019","₹1,499"
Rare Rabbit,Men Striped Crew Neck Cotton Blend Yellow T-Shirt,"₹1,399","₹2,799"
Rare Rabbit,Men Solid Round Neck Pure Cotton Green T-Shirt,"₹1,079","₹1,799"
Rare Rabbit,Men Solid Round Neck Pure Cotton Dark Green T-Shirt,₹896,"₹1,299"
Rare Rabbit,Men Printed Round Neck Pure Cotton Yellow T-Shirt,"₹1,099","₹2,199"
Rare Rabbit,Men Solid Round Neck Cotton Blend Purple T-Shirt,₹999,"₹1,999"
Rare Rabbit,Men Solid Polo Neck Pure Cotton Purple T-Shirt,"₹1,724","₹2,499"
Rare Rabbit,Men Solid Round Neck Pure Cotton Purple T-Shirt,"₹1,079","₹1,799"
Rare Rabbit,Men Printed Round Neck Cotton Blend Navy Blue T-Shirt,"₹1,223","₹1,799"
Rare Rabbit,Men Solid Polo Neck Pure Cotton Blue T-Shirt,"₹1,649","₹3,299"
Rare Rabbit,Men Printed Round Neck Cotton Blend Dark Blue T-Shirt,"₹1,079","₹1,799"
Rare Rabbit,HOOD- BASIC HOODY POLO T SHIRT - GREEN Men Solid Hooded...,"₹1,799","₹2,999"
Rare Rabbit,"Men Printed, Typography Round Neck Cotton Blend Pink T-...","₹1,149","₹2,299"
Rare Rabbit,Men Solid Polo Neck Pure Cotton Green T-Shirt,"₹1,499","₹2,499"
Rare Rabbit,Men Solid Round Neck Pure Cotton Green T-Shirt,₹948,"₹1,299"
Rare Rabbit,Men Typography Round Neck Pure Cotton Yellow T-Shirt,"₹1,151","₹1,799"
Rare Rabbit,"Men Printed, Typography Round Neck Cotton Blend Blue T-...","₹1,223","₹1,799"
Rare Rabbit,Men Graphic Print Round Neck Pure Cotton Orange T-Shirt,"₹1,079","₹1,799"
Rare Rabbit,Men Solid Polo Neck Pure Cotton Navy Blue T-Shirt,"₹1,624","₹2,499"
Rare Rabbit,Men Solid Hooded Neck Cotton Blend Blue T-Shirt,"₹2,023","₹2,299"
Rare Rabbit,Men Solid Mandarin Collar Pure Cotton Green T-Shirt,"₹1,249","₹2,499"
Rare Rabbit,Men Striped Round Neck Cotton Blend Green T-Shirt,"₹1,399","₹2,799"
Rare Rabbit,Men Printed Round Neck Cotton Blend Maroon T-Shirt,"₹1,259","₹1,799"
Rare Rabbit,Men Graphic Print Crew Neck Cotton Blend Pink T-Shirt,₹899,"₹1,799"
Rare Rabbit,Men Printed Round Neck Pure Cotton Purple T-Shirt,"₹1,149","₹2,299"
Rare Rabbit,Men Solid Polo Neck Pure Cotton Black T-Shirt,"₹2,249","₹2,499"
Rare Rabbit,Men Printed Round Neck Cotton Blend Purple T-Shirt,"₹1,839","₹2,299"
Rare Rabbit,"Men Printed, Typography Round Neck Cotton Blend Pink T-...",₹999,"₹1,999"
Rare Rabbit,Men Graphic Print Round Neck Cotton Blend Grey T-Shirt,"₹1,061","₹1,799"
Rare Rabbit,Men Solid V Neck Cotton Blend Pink T-Shirt,"₹1,169","₹1,299"
Rare Rabbit,Men Printed Round Neck Pure Cotton Dark Blue T-Shirt,₹999,"₹1,999"
Rare Rabbit,Men Printed Round Neck Cotton Blend Yellow T-Shirt,"₹1,149","₹2,299"
Rare Rabbit,Crew Men's T-Shirts Slim Fit Men Solid Round Neck Pure ...,₹883,"₹1,299"
Rare Rabbit,Men Printed Round Neck Pure Cotton Navy Blue T-Shirt,"₹1,061","₹1,799"
Rare Rabbit,Men Printed Round Neck Cotton Blend Grey T-Shirt,"₹1,399","₹2,799"
Rare Rabbit,Men Printed Round Neck Pure Cotton Black T-Shirt,₹999,"₹1,999"
Rare Rabbit,Men Solid V Neck Cotton Blend White T-Shirt,"₹1,078","₹1,299"
Rare Rabbit,Men Solid Round Neck Pure Cotton Purple T-Shirt,₹896,"₹1,299"
Rare Rabbit,Men Printed Round Neck Pure Cotton Black T-Shirt,"₹1,149","₹2,299"
Rare Rabbit,Men Printed Polo Neck Pure Cotton Purple T-Shirt,"₹1,999","₹3,999"
Rare Rabbit,Men Solid Polo Neck Cotton Blend Green T-Shirt,"₹1,749","₹2,499"
Rare Rabbit,Men Printed Crew Neck Pure Cotton White T-Shirt,₹999,"₹1,999"
Rare Rabbit,Men Striped Polo Neck Cotton Blend Pink T-Shirt,"₹2,199","₹4,399"
Rare Rabbit,Men Solid Round Neck Pure Cotton Grey T-Shirt,"₹1,249","₹2,499"
Rare Rabbit,Men Solid Polo Neck Pure Cotton Black T-Shirt,"₹1,749","₹3,499"
Rare Rabbit,Men Graphic Print Round Neck Pure Cotton Pink T-Shirt,"₹1,061","₹1,799"
Rare Rabbit,Men Printed Round Neck Cotton Blend Blue T-Shirt,"₹1,149","₹2,299"
Rare Rabbit,Men Printed Round Neck Cotton Blend Maroon T-Shirt,"₹1,149","₹2,299"
Rare Rabbit,Men Typography Round Neck Cotton Blend Light Green T-Sh...,₹985,"₹1,699"
Rare Rabbit,Men Printed Round Neck Pure Cotton Green T-Shirt,"₹1,223","₹1,799"
Rare Rabbit,Men's Casual T-Shirts Men Solid Round Neck Pure Cotton ...,"₹1,399","₹2,799"
Rare Rabbit,Men Solid Round Neck Pure Cotton Dark Blue T-Shirt,"₹1,079","₹1,799"
Rare Rabbit,Men Solid Round Neck Pure Cotton Blue T-Shirt,₹959,"₹1,999"
Rare Rabbit,Men Printed Round Neck Cotton Blend Beige T-Shirt,"₹1,079","₹1,799"
Rare Rabbit,Men Solid Hooded Neck Cotton Blend Maroon T-Shirt,"₹2,184","₹2,299"
Rare Rabbit,Men Printed Round Neck Cotton Blend Beige T-Shirt,"₹1,399","₹2,799"
Rare Rabbit,Men Solid Mandarin Collar Pure Cotton Blue T-Shirt,"₹1,449","₹2,499"
Rare Rabbit,Men Graphic Print Crew Neck Pure Cotton Green T-Shirt,₹899,"₹1,799"
Rare Rabbit,Men Printed Round Neck Pure Cotton Black T-Shirt,"₹1,079","₹1,799"
Rare Rabbit,"Men Printed, Typography Round Neck Cotton Blend Green T...","₹1,149","₹2,299"
Rare Rabbit,Crew Men's T-Shirts Slim Fit Men Printed Round Neck Pur...,₹881,"₹1,799"
Rare Rabbit,Crew Men's T-Shirts Slim Fit Men Graphic Print Round Ne...,₹881,"₹1,799"
Rare Rabbit,Men Printed Round Neck Cotton Blend White T-Shirt,"₹1,126","₹2,299"
Rare Rabbit,Men Graphic Print Crew Neck Cotton Blend White T-Shirt,"₹1,264","₹2,299"
Rare Rabbit,Men Printed Round Neck Pure Cotton White T-Shirt,"₹1,080","₹2,299"
Rare Rabbit,Men Graphic Print Round Neck Cotton Blend Blue T-Shirt,"₹1,099","₹1,999"
Rare Rabbit,Men Typography Round Neck Cotton Blend Purple T-Shirt,"₹1,133","₹1,799"
Rare Rabbit,Men Striped Crew Neck Cotton Blend Yellow T-Shirt,"₹2,099","₹4,199"
Rare Rabbit,Men Printed Round Neck Pure Cotton White T-Shirt,"₹1,099","₹2,199"
Rare Rabbit,Men Typography Round Neck Cotton Blend White T-Shirt,"₹1,331","₹1,799"
Rare Rabbit,Men Solid Round Neck Cotton Blend Purple T-Shirt,"₹1,026","₹1,299"
Rare Rabbit,Men Printed Round Neck Pure Cotton Green T-Shirt,"₹1,094","₹1,499"
Rare Rabbit,Men Striped Round Neck Pure Cotton Yellow T-Shirt,₹999,"₹1,999"
Rare Rabbit,Men Solid Polo Neck Cotton Blend Maroon T-Shirt,"₹2,339","₹3,599"
Rare Rabbit,Men Printed Round Neck Cotton Blend White T-Shirt,"₹1,079","₹1,799"
Rare Rabbit,Men Printed Crew Neck Pure Cotton Purple T-Shirt,"₹1,179","₹1,999"
Rare Rabbit,Men Solid High Neck Viscose Rayon Yellow T-Shirt,"₹1,679","₹2,799"
Rare Rabbit,Men Solid High Neck Viscose Rayon Beige T-Shirt,"₹1,819","₹2,799"
Rare Rabbit,Men Printed Round Neck Pure Cotton Navy Blue T-Shirt,"₹1,223","₹1,799"
Rare Rabbit,Men Solid Round Neck Cotton Blend Beige T-Shirt,"₹1,576","₹1,899"
Rare Rabbit,Men Solid Round Neck Pure Cotton Blue T-Shirt,"₹1,061","₹1,799"
Rare Rabbit,"Men Printed, Typography Round Neck Cotton Blend White T...","₹1,199","₹1,999"
Rare Rabbit,Men Abstract Round Neck Pure Cotton Purple T-Shirt,₹899,"₹1,799"
Rare Rabbit,Men Printed Round Neck Pure Cotton Navy Blue T-Shirt,"₹1,079","₹1,799"
Rare Rabbit,Men Printed Round Neck Pure Cotton White T-Shirt,"₹1,079","₹1,799"
Rare Rabbit,Men Graphic Print Round Neck Pure Cotton Blue T-Shirt,₹989,"₹1,799"
Rare Rabbit,Men Solid Mandarin Collar Pure Cotton Pink T-Shirt,"₹1,759","₹2,199"
Rare Rabbit,Men Solid Polo Neck Pure Cotton White T-Shirt,"₹1,644","₹3,499"
Rare Rabbit,Men Solid Round Neck Cotton Blend Green T-Shirt,"₹1,169","₹1,799"
Rare Rabbit,Men Graphic Print Round Neck Pure Cotton Blue T-Shirt,"₹1,079","₹1,799"
Rare Rabbit,Men Graphic Print Round Neck Pure Cotton Yellow T-Shirt,₹863,"₹1,799"
Rare Rabbit,Men Solid Round Neck Cotton Blend Pink T-Shirt,"₹1,091","₹1,299"
Rare Rabbit,Men Printed Round Neck Pure Cotton Beige T-Shirt,"₹1,149","₹2,299"
Rare Rabbit,Men Solid Round Neck Cotton Blend Green T-Shirt,₹974,"₹1,299"
Rare Rabbit,Men Solid Mandarin Collar Pure Cotton Navy Blue T-Shirt,"₹2,879","₹3,199"
Rare Rabbit,Men Solid Polo Neck Pure Cotton Green T-Shirt,"₹1,459","₹1,999"
Rare Rabbit,Men Graphic Print Round Neck Cotton Blend Black T-Shirt,"₹1,124","₹1,499"
Rare Rabbit,Men Printed Round Neck Pure Cotton Green T-Shirt,"₹1,079","₹1,799"
Rare Rabbit,Men Printed Round Neck Pure Cotton Beige T-Shirt,"₹1,079","₹1,799"
Rare Rabbit,Men Solid V Neck Pure Cotton Maroon T-Shirt,₹899,"₹1,799"
Rare Rabbit,Men Striped Crew Neck Cotton Blend Grey T-Shirt,"₹1,399","₹2,799"
Rare Rabbit,Men Solid Crew Neck Cotton Blend Maroon T-Shirt,"₹1,954","₹2,299"
Rare Rabbit,Men Graphic Print Round Neck Pure Cotton Black T-Shirt,₹899,"₹1,999"
Rare Rabbit,Men Striped Crew Neck Cotton Blend Grey T-Shirt,"₹1,399","₹2,799"
Rare Rabbit,Men Solid Mandarin Collar Pure Cotton Multicolor T-Shir...,"₹1,624","₹2,499"
Rare Rabbit,Men Solid Round Neck Cotton Blend Grey T-Shirt,"₹1,103","₹2,299"
Rare Rabbit,Men Solid Round Neck Cotton Blend Yellow T-Shirt,"₹1,576","₹1,899"
Rare Rabbit,Men Solid V Neck Cotton Blend Black T-Shirt,"₹1,169","₹1,299"
Rare Rabbit,Men Solid Polo Neck Cotton Blend Yellow T-Shirt,"₹2,449","₹3,499"
Rare Rabbit,Men Solid Polo Neck Pure Cotton Green T-Shirt,"₹1,749","₹3,499"
Rare Rabbit,Men Solid Round Neck Pure Cotton Pink T-Shirt,"₹1,223","₹1,799"
Rare Rabbit,Men Self Design Polo Neck Cotton Blend Purple T-Shirt,"₹1,649","₹3,299"
Rare Rabbit,Men Solid Round Neck Cotton Blend Maroon T-Shirt,"₹1,709","₹1,899"
Rare Rabbit,Men Printed Round Neck Pure Cotton Navy Blue T-Shirt,"₹1,331","₹1,799"
Rare Rabbit,Men Typography Round Neck Pure Cotton Blue T-Shirt,"₹1,019","₹1,499"
Rare Rabbit,Men Printed Polo Neck Pure Cotton Green T-Shirt,"₹1,439","₹3,199"
Rare Rabbit,Men Solid Round Neck Cotton Blend Blue T-Shirt,"₹1,079","₹1,799"
Rare Rabbit,Men Solid Round Neck Pure Cotton Blue T-Shirt,₹959,"₹1,999"
Rare Rabbit,Men Printed Round Neck Cotton Blend Blue T-Shirt,"₹1,199","₹1,999"
Rare Rabbit,Men Solid Crew Neck Cotton Blend Brown T-Shirt,"₹1,594","₹2,899"
Rare Rabbit,Men Self Design Round Neck Pure Cotton Beige T-Shirt,"₹1,563","₹2,299"
Rare Rabbit,Men Solid Crew Neck Cotton Blend Blue T-Shirt,"₹1,614","₹1,899"
Rare Rabbit,Men Solid Round Neck Pure Cotton Dark Blue T-Shirt,₹999,"₹1,999"
Rare Rabbit,"Men Printed, Typography Round Neck Pure Cotton White T-...","₹1,149","₹2,299"
Rare Rabbit,Men Printed Round Neck Cotton Blend Black T-Shirt,"₹1,043","₹1,799"
Rare Rabbit,Men Typography Round Neck Cotton Blend White T-Shirt,"₹1,079","₹1,799"
Rare Rabbit,Men Solid Round Neck Cotton Blend White T-Shirt,"₹1,094","₹1,499"
Rare Rabbit,Men Printed Round Neck Pure Cotton Dark Blue T-Shirt,"₹1,169","₹1,799"
Rare Rabbit,Men Printed Round Neck Pure Cotton Blue T-Shirt,"₹1,179","₹1,999"
Rare Rabbit,Men Solid Round Neck Pure Cotton Grey T-Shirt,₹749,"₹1,499"
Rare Rabbit,Men Printed Round Neck Pure Cotton Purple T-Shirt,"₹1,159","₹1,999"
Rare Rabbit,Men Printed Round Neck Pure Cotton White T-Shirt,₹979,"₹1,999"
Rare Rabbit,Men Graphic Print Crew Neck Pure Cotton Blue T-Shirt,"₹2,969","₹3,299"
Rare Rabbit,Men Printed Round Neck Pure Cotton Beige T-Shirt,₹899,"₹1,499"
Rare Rabbit,Men Typography Round Neck Pure Cotton Black T-Shirt,₹999,"₹1,999"
Rare Rabbit,Men Colorblock Polo Neck Pure Cotton Green T-Shirt,"₹1,399","₹2,799"
Rare Rabbit,Men Printed Round Neck Cotton Blend Grey T-Shirt,"₹1,499","₹2,999"
Rare Rabbit,"Men Printed, Typography Round Neck Cotton Blend Red T-S...","₹1,599","₹3,199"
Rare Rabbit,Men Solid Round Neck Pure Cotton Green T-Shirt,"₹1,379","₹2,299"
Rare Rabbit,Men Printed Round Neck Pure Cotton White T-Shirt,₹999,"₹1,999"
Rare Rabbit,Men Printed Round Neck Cotton Blend Black T-Shirt,"₹1,279","₹1,999"
Rare Rabbit,"Men Printed, Typography Round Neck Cotton Blend Beige T...","₹1,043","₹1,799"
Rare Rabbit,Men Graphic Print Round Neck Pure Cotton Navy Blue T-Sh...,₹899,"₹1,799"
Rare Rabbit,Men Typography Round Neck Pure Cotton Blue T-Shirt,"₹1,061","₹1,799"
Rare Rabbit,Men Striped Round Neck Cotton Blend Black T-Shirt,"₹1,899","₹3,799"
Rare Rabbit,Men Striped Round Neck Pure Cotton Blue T-Shirt,₹869,"₹1,499"
Rare Rabbit,Men Solid Round Neck Pure Cotton Orange T-Shirt,₹979,"₹1,999"
Rare Rabbit,Men Solid Round Neck Pure Cotton Blue T-Shirt,₹779,"₹1,299"
Rare Rabbit,Men Graphic Print Round Neck Pure Cotton Blue T-Shirt,₹989,"₹1,799"
Rare Rabbit,Men Solid Polo Neck Pure Cotton White T-Shirt,"₹1,644","₹3,499"
Rare Rabbit,Men Solid Round Neck Pure Cotton Pink T-Shirt,₹884,"₹1,499"
Rare Rabbit,Men Solid Polo Neck Pure Cotton Orange T-Shirt,"₹1,499","₹2,499"
Rare Rabbit,Men Printed Round Neck Pure Cotton Blue T-Shirt,"₹1,313","₹1,799"
Rare Rabbit,Men Solid Polo Neck Cotton Blend Purple T-Shirt,"₹1,749","₹3,499"
Rare Rabbit,Men Solid Polo Neck Pure Cotton Black T-Shirt,"₹1,839","₹2,299"
Rare Rabbit,Men Solid Round Neck Cotton Blend Pink T-Shirt,"₹1,133","₹1,799"
Rare Rabbit,Men Solid Polo Neck Pure Cotton Yellow T-Shirt,"₹1,599","₹2,499"
Rare Rabbit,Men Graphic Print Round Neck Pure Cotton Blue T-Shirt,"₹1,151","₹1,799"
Rare Rabbit,Men Solid Polo Neck Pure Cotton Brown T-Shirt,"₹1,737","₹2,199"
Rare Rabbit,Men Graphic Print Round Neck Pure Cotton Black T-Shirt,₹899,"₹1,799"
Rare Rabbit,Men Solid Polo Neck Pure Cotton Red T-Shirt,"₹1,699","₹2,499"
Rare Rabbit,Men Printed Round Neck Cotton Blend Brown T-Shirt,"₹1,126","₹2,299"
Rare Rabbit,Men Solid Crew Neck Cotton Blend Green T-Shirt,"₹1,954","₹2,299"
Rare Rabbit,Men Striped Crew Neck Cotton Blend Blue T-Shirt,"₹1,399","₹2,799"
Rare Rabbit,Men Printed Round Neck Pure Cotton Navy Blue T-Shirt,₹899,"₹1,799"
Rare Rabbit,Men Printed Round Neck Pure Cotton Blue T-Shirt,₹899,"₹1,499"
Rare Rabbit,Men Typography Round Neck Cotton Blend Navy Blue T-Shir...,"₹1,223","₹1,799"
Rare Rabbit,Men Graphic Print Round Neck Pure Cotton Purple T-Shirt,"₹1,151","₹1,799"
Rare Rabbit,Men Solid Round Neck Cotton Blend Pink T-Shirt,"₹1,019","₹1,499"
Rare Rabbit,Men Solid Polo Neck Pure Cotton Light Green T-Shirt,"₹1,421","₹1,799"
Rare Rabbit,Men Graphic Print Round Neck Pure Cotton Black T-Shirt,₹899,"₹1,799"
Rare Rabbit,Men Solid Round Neck Cotton Blend Black T-Shirt,"₹1,399","₹2,799"
Rare Rabbit,Men Typography Round Neck Cotton Blend Pink T-Shirt,"₹1,599","₹3,199"
Rare Rabbit,Men Graphic Print Round Neck Cotton Blend Green T-Shirt,"₹1,499","₹2,999"
Rare Rabbit,Men Striped Round Neck Cotton Blend Beige T-Shirt,"₹1,861","₹3,799"
Rare Rabbit,Men Graphic Print Round Neck Cotton Blend Black T-Shirt,"₹1,199","₹1,999"
Rare Rabbit,Men Graphic Print Round Neck Pure Cotton White T-Shirt,₹899,"₹1,799"
Rare Rabbit,Men Striped Round Neck Pure Cotton Dark Blue T-Shirt,"₹1,199","₹1,999"
Rare Rabbit,Men Solid Round Neck Pure Cotton Black T-Shirt,"₹1,343","₹2,799"
Rare Rabbit,Men Graphic Print Round Neck Pure Cotton Green T-Shirt,₹899,"₹1,799"
Rare Rabbit,Men Printed Round Neck Pure Cotton White T-Shirt,"₹1,149","₹2,299"
Rare Rabbit,Men Solid Polo Neck Pure Cotton Pink T-Shirt,"₹1,816","₹2,299"
Rare Rabbit,Men Solid Round Neck Pure Cotton Blue T-Shirt,₹909,"₹1,299"
Rare Rabbit,Men Self Design Polo Neck Pure Cotton Pink T-Shirt,"₹1,819","₹2,799"
Rare Rabbit,Men Printed Round Neck Pure Cotton White T-Shirt,₹884,"₹1,499"
Rare Rabbit,Men Printed Round Neck Cotton Blend Green T-Shirt,"₹1,079","₹1,799"
Rare Rabbit,Men Printed Round Neck Pure Cotton Pink T-Shirt,"₹1,061","₹1,799"
Rare Rabbit,Men Colorblock Round Neck Pure Cotton Pink T-Shirt,₹899,"₹1,499"
Rare Rabbit,Men's Casual T-Shirts Men Solid Round Neck Pure Cotton ...,"₹1,399","₹2,799"
Rare Rabbit,Men Striped Round Neck Pure Cotton Black T-Shirt,"₹1,151","₹1,799"
Rare Rabbit,Men Solid Polo Neck Cotton Blend Pink T-Shirt,"₹1,749","₹3,499"
Rare Rabbit,Men Solid Round Neck Pure Cotton Dark Blue T-Shirt,₹979,"₹1,999"
Rare Rabbit,Men Printed Round Neck Cotton Blend Grey T-Shirt,₹899,"₹1,799"
Rare Rabbit,Men Striped Polo Neck Pure Cotton Green T-Shirt,"₹1,699","₹3,399"
Rare Rabbit,Men Printed Round Neck Pure Cotton White T-Shirt,"₹1,099","₹2,199"
Rare Rabbit,Men Graphic Print Crew Neck Pure Cotton Beige T-Shirt,"₹3,398","₹3,399"
Rare Rabbit,Men Printed Round Neck Pure Cotton Purple T-Shirt,₹899,"₹1,799"
Rare Rabbit,Men Solid Round Neck Pure Cotton Beige T-Shirt,"₹1,471","₹2,299"
Rare Rabbit,Men Solid Round Neck Cotton Blend Dark Green T-Shirt,"₹1,379","₹2,299"
Rare Rabbit,Men Solid Polo Neck Pure Cotton Purple T-Shirt,"₹1,749","₹3,499"
Rare Rabbit,Men Printed Round Neck Cotton Blend White T-Shirt,"₹1,149","₹2,299"
Rare Rabbit,Men Solid Polo Neck Pure Cotton Dark Blue T-Shirt,"₹1,624","₹2,499"
Rare Rabbit,Men Solid Polo Neck Pure Cotton Beige T-Shirt,"₹1,627","₹2,199"
Rare Rabbit,Men Typography Crew Neck Pure Cotton Green T-Shirt,"₹1,061","₹1,799"
Rare Rabbit,Men Solid Round Neck Pure Cotton Black T-Shirt,₹899,"₹1,799"
Rare Rabbit,Men Solid Polo Neck Pure Cotton Purple T-Shirt,"₹1,399","₹1,999"
Rare Rabbit,Men Graphic Print Round Neck Pure Cotton White T-Shirt,"₹1,151","₹1,799"
Rare Rabbit,Men Printed Round Neck Pure Cotton Blue T-Shirt,"₹1,079","₹1,799"
Rare Rabbit,Men Solid Round Neck Cotton Blend Black T-Shirt,"₹1,169","₹1,299"
Rare Rabbit,Men Solid Round Neck Pure Cotton Light Blue T-Shirt,₹959,"₹1,999"
Rare Rabbit,FULL- FULL SLEEVES MEN'S T SHIRT - NAVY Men Solid Round...,"₹1,399","₹2,799"
Rare Rabbit,Men Typography Round Neck Pure Cotton Green T-Shirt,"₹1,511","₹1,799"
Rare Rabbit,Men Printed Round Neck Pure Cotton Black T-Shirt,"₹1,199","₹1,999"
Rare Rabbit,Men Printed Round Neck Pure Cotton Navy Blue T-Shirt,"₹1,169","₹1,799"
Rare Rabbit,Men Printed Round Neck Pure Cotton White T-Shirt,₹979,"₹1,999"
Rare Rabbit,Men Solid V Neck Pure Cotton Green T-Shirt,₹809,"₹1,799"
Rare Rabbit,"Men Printed, Typography Round Neck Cotton Blend White T...","₹1,149","₹2,299"
Rare Rabbit,Men Solid Round Neck Pure Cotton White T-Shirt,₹899,"₹1,799"
Rare Rabbit,Men Solid V Neck Pure Cotton Green T-Shirt,₹809,"₹1,799"
Rare Rabbit,Men Colorblock Round Neck Pure Cotton Pink T-Shirt,"₹1,279","₹1,999"
Rare Rabbit,Men Solid Polo Neck Pure Cotton White T-Shirt,"₹1,259","₹1,799"
Rare Rabbit,Men Solid Round Neck Pure Cotton White T-Shirt,"₹1,356","₹2,299"
Rare Rabbit,Men Solid Round Neck Pure Cotton Pink T-Shirt,"₹1,019","₹1,499"
Rare Rabbit,Men Typography Round Neck Cotton Blend Black T-Shirt,"₹1,299","₹1,999"
Rare Rabbit,Men Solid Hooded Neck Cotton Blend Black T-Shirt,"₹2,023","₹2,299"
Rare Rabbit,"Men Printed, Typography Round Neck Pure Cotton Red T-Sh...","₹1,149","₹2,299"
