Title,Category,MRP,SP
Deadpool: Kill For Tacos,T-Shirts,,₹ 799
Harry Potter: Hogwarts,Zipper Polos,,₹ 1299
Naruto: Yin-Yang,Oversized T-Shirts,,₹ 899
Naruto: Itachi Uchiha,Oversized T-Shirts,,₹ 1049
Baki Hanma: You Shouldn't Have,Oversized T-Shirts,,₹ 1299
Harry Potter: Slytherin,T-Shirts,,₹ 599
Deadpool: Anti-Hero,Oversized T-Shirts,,₹ 1399
Transformers: Bumblebee,Oversized T-Shirts,,₹ 949
Baki Hanma: The Strongest,Oversized T-Shirts,,₹ 999
Black Panther: Wakanda Forever,Zipper Polos,,₹ 999
Marvel: Loki God Of Mischief,Zipper Polos,,₹ 999
Punisher: It's Time,T-Shirts,,₹ 749
Punisher: Skull,Zipper Polos,,₹ 999
Solids: Regal Black,Oversized Polos,,₹ 1299
Superman: Man Of Steel,Polos,,₹ 1299
TSS Originals: Cadmium,Zipper Polos,,₹ 1049
TSS Originals: Kale,Hooded T-Shirts,,₹ 1499
Top Gun: 1986,Polos,,₹ 1299
Jungle Book: Jungle Tales,Oversized T-Shirts,,₹ 899
Solids: Yellow,Oversized T-Shirts,₹ 999,₹ 699
Harry Potter: Death Eater,Oversized T-Shirts,,₹ 999
Punisher: Classic Logo,T-Shirts,₹ 699,₹ 549
TSS Originals: Fusion Bandana,Oversized T-Shirts,,₹ 949
Punisher: Cold Fury,Oversized T-Shirts,,₹ 1049
Naruto: Sasuke,Oversized Full Sleeve T-Shirts,,₹ 999
Tie-Dye: Grape Wine,Oversized Full Sleeve T-Shirts,,₹ 999
Batman: 3D Logo,T-Shirts,,₹ 799
Solids: Black & White Colourblock,Polos,,₹ 999
The Godfather: Corleone,T-Shirts,,₹ 799
Joker: Forever Evil,Oversized T-Shirts,,₹ 999
DC: Batman Logo,Drop Cut T-Shirts,,₹ 899
Solids: Electric Blue,Oversized T-Shirts,,₹ 699
TSS Originals: Cactus,Oversized T-Shirts,,₹ 899
TSS Originals: Poster,Oversized T-Shirts,,₹ 1049
Looney Tunes: The Coyote,T-Shirts,,₹ 649
The Office: I Manage,T-Shirts,,₹ 699
Classic Sustainable Tee: Wine,T-Shirts,,₹ 599
Courage: Kinda Antisocial,T-Shirts,,₹ 799
Harry Potter: Gryffindor Rugby Set,Hooded T-Shirts,,₹ 1299
TSS Originals: Sphinx,Oversized Full Sleeve T-Shirts,,₹ 1299
Deadpool: Action Packed,Oversized T-Shirts,,₹ 1199
Classic Sustainable Tee: Emerald Green,T-Shirts,₹ 699,₹ 549
Solids: Eggshell White,Oversized T-Shirts,,₹ 899
Solids: Black,Oversized T-Shirts,₹ 999,₹ 799
Minions: Procrastinator,T-Shirts,,₹ 649
Batman: Wayne Industries,Drop Cut T-Shirts,,₹ 749
F.R.I.E.N.D.S: How You Doin,T-Shirts,,₹ 849
Marvel: Deadly Duo,Hooded T-Shirts,,₹ 1299
Solids: Mossy Green,T-Shirts,,₹ 599
Deadpool: Self-Love,Oversized T-Shirts,,₹ 1049
One Piece: Going Merry,Oversized T-Shirts,,₹ 1249
TSS Originals: In Spirit,Oversized T-Shirts,,₹ 1299
Tom & Jerry: Toasted,Oversized T-Shirts,,₹ 1199
Spider-Man: Miles Logo,T-Shirts,,₹ 549
Solids: Berry Blue,Oversized Polos,,₹ 1299
Solids: Navy Blue,Oversized T-Shirts,,₹ 899
Popeye: Seas The Day,Oversized T-Shirts,,₹ 1499
Supima: Wine Red,Supima T-Shirts,,₹ 999
The Godfather: Honor,Oversized Full Sleeve T-Shirts,,₹ 899
Kung Fu Panda: Back Off,Oversized T-Shirts,,₹ 999
Solids: Vintage Blue,T-Shirts,,₹ 599
TSS Originals: Blue Melange,Men Full Sleeve T-Shirts,,₹ 999
Solids: Emerald Green,Oversized T-Shirts,,₹ 899
Deadpool: Let's Go!,Oversized T-Shirts,,₹ 1049
Peanuts: Snoopy Sketch,Oversized T-Shirts,,₹ 999
Solids: Black (Oversized),Oversized Full Sleeve T-Shirts,,₹ 999
Solids: Berry,Oversized T-Shirts,,₹ 999
ISRO: An Endless Adventure,T-Shirts,₹ 699,₹ 499
TSS Originals: Spirit Mosaic,Oversized T-Shirts,,₹ 1299
Solids: Aster,Polos,,₹ 899
Solids: Brown Sugar,Oversized T-Shirts,₹ 999,₹ 799
Supima: Deep Brown,Supima T-Shirts,,₹ 999
The Boys: Doodle,Oversized T-Shirts,,₹ 899
Disney: Goofy The Goof,Oversized T-Shirts,,₹ 999
Solids: Sky Blue,T-Shirts,₹ 599,₹ 349
The Godfather: Five Families,T-Shirts,,₹ 849
Solids: Quince,Oversized T-Shirts,,₹ 899
Spider-Man: Radioactive,Oversized Full Sleeve T-Shirts,,₹ 999
TSS Originals: Made By Humans,Hooded T-Shirts,,₹ 1499
Jurassic Park: Logo,Oversized T-Shirts,,₹ 1049
Supima: Charcoal Grey,Supima T-Shirts,,₹ 999
TSS Originals: Trippy Blaze,Oversized Full Sleeve T-Shirts,,₹ 999
Peanuts: Reckless,Oversized Full Sleeve T-Shirts,,₹ 899
Black Panther: Wakanda Forever,Hooded T-Shirts,,₹ 1399
Solids: Classic Red,Oversized T-Shirts,₹ 999,₹ 699
Manchester City: Champs Forever,Men Rugby Polos,,₹ 1299
F.R.I.E.N.D.S: Chillin',T-Shirts,,₹ 599
Looney Tunes: Bugs Bunny,Oversized T-Shirts,,₹ 999
Tom & Jerry: The Chase,Oversized T-Shirts,,₹ 1049
The Boys: The Real Hero,Oversized T-Shirts,,₹ 1049
Solids: Pine Green,Oversized T-Shirts,,₹ 999
Naruto: Jiraya,Oversized T-Shirts,,₹ 1299
Supima: Soft Blue,Supima T-Shirts,,₹ 999
Rick And Morty: Portal To Happiness,Oversized T-Shirts,,₹ 1299
Batman: Die A Hero,Oversized T-Shirts,,₹ 1049
The Witcher: Basilisk,Oversized T-Shirts,,₹ 999
Tom & Jerry: Munching Mischief,Oversized T-Shirts,,₹ 999
TSS Originals: Street Division,Men Rugby Polos,,₹ 1299
Solids: White,T-Shirts,,₹ 499
Solids: Black,T-Shirts,,₹ 599
TSS Originals: Antique Red,Oversized Polos,,₹ 1249
TSS Originals: Cinnamon,Zipper Polos,,₹ 999
Bugs Bunny: Dayum,Oversized T-Shirts,,₹ 1049
Harry Potter: Slytherin Gang,Oversized T-Shirts,,₹ 999
Black Panther: Panther Power,Oversized T-Shirts,,₹ 1049
Popeye: Spinach Power,Oversized T-Shirts,,₹ 999
Garfield: Guarding Me?,Hooded T-Shirts,₹ 1399,₹ 999
Classic Sustainable Tee: Coffee Brown,T-Shirts,,₹ 599
Rick & Morty: Wubba Lubba Dub Dub,Oversized T-Shirts,,₹ 1049
Marvel: Superhero Shades,Zipper Polos,,₹ 1049
Wolverine: Clawed,T-Shirts,,₹ 999
Deadpool: Let's Kick Bad Guys,T-Shirts,,₹ 699
Lord Of The Rings: You Shall Not Pass,Oversized T-Shirts,,₹ 949
TSS Originals: Chillin',Oversized T-Shirts,,₹ 949
Supima: Dark Grey,Supima T-Shirts,,₹ 999
Disney: Bare Necessities,T-Shirts,,₹ 599
TSS Originals: Shroomy Vibes,Oversized T-Shirts,,₹ 899
Solids: Rouge Red,Oversized T-Shirts,,₹ 999
Richie Rich: Exact Change,Oversized T-Shirts,,₹ 999
Solids: Denim Blue,Oversized T-Shirts,₹ 999,₹ 549
Marvel: Creative Chaos,Oversized T-Shirts,,₹ 1199
Rick and Morty: Reality,Oversized T-Shirts,,₹ 999
TSS Originals: Happy High,Oversized T-Shirts,,₹ 899
Minions: Blah Blah Blah,Oversized T-Shirts,,₹ 1049
Supima: White,Supima T-Shirts,,₹ 999
Captain America: Super Soldier,Hooded T-Shirts,,₹ 899
Supima: Sparkling Orange,Supima T-Shirts,,₹ 999
Punisher: Logo,Oversized Polos,,₹ 1099
Solids: Off White,Oversized T-Shirts,,₹ 999
Brooklyn Nine-Nine: 99th Precinct,Oversized T-Shirts,,₹ 1049
Garfield: Espresso Yourself,T-Shirts,,₹ 799
Solids: Deep Lavender,Oversized T-Shirts,₹ 999,₹ 749
Monopoly: Broke!,T-Shirts,,₹ 599
Solids: Washed Blue,T-Shirts,₹ 699,₹ 499
Squid Game: Front Man,Oversized Full Sleeve T-Shirts,,₹ 999
Looney Tunes: Serial Chiller,Men Relaxed Fit T-Shirts,₹ 799,₹ 599
Supima: Dusty Pink,Supima T-Shirts,,₹ 999
Supima: Light Olive,Supima T-Shirts,,₹ 999
Solids: Burgundy,T-Shirts,,₹ 649
Marvel: Comic Cards,Oversized T-Shirts,,₹ 1049
TSS Originals: Jasper,Oversized Full Sleeve T-Shirts,,₹ 999
TSS Originals: Red,Oversized T-Shirts,₹ 999,₹ 799
Kung Fu Panda: Dragon Warrior,Oversized T-Shirts,,₹ 1049
Looney Tunes: Did Somebody Say..,Oversized T-Shirts,,₹ 999
Naruto: Uzumaki,Men Relaxed Fit T-Shirts,,₹ 799
The Boys: F*cking Diabolical,Oversized T-Shirts,₹ 999,₹ 699
Minions: Just Perfect,Polos,,₹ 799
Solids: Rhubarb,Mandarin Polos,,₹ 849
TSS Original: God Of Death,Oversized T-Shirts,,₹ 949
"Solids: Black, White (Colourblock)",Hooded T-Shirts,,₹ 899
Jurassic Park: Logo (Vintage Wash),Oversized T-Shirts,,₹ 1049
Batman: The Emblem,Drop Cut T-Shirts,,₹ 899
Top Gun: Jets,Oversized T-Shirts,,₹ 1049
One Piece: Straw Hat Pirates,T-Shirts,,₹ 599
Batman: Logo (Drip),T-Shirts,,₹ 999
F.R.I.E.N.D.S: Doodle Fusion,Oversized T-Shirts,,₹ 1049
Truck Art: Iron Man,Oversized T-Shirts,,₹ 949
Marvel: Avenger 63,Polos,,₹ 1299
Classic Sustainable Tee: Charcoal Black,Oversized T-Shirts,₹ 999,₹ 749
Popeye: Bring Em On,Oversized Full Sleeve T-Shirts,,₹ 999
Black Panther: Mask 66,Oversized Polos,,₹ 1299
Spider-Man: Pavitr Prabhakar,Oversized T-Shirts,,₹ 949
Supima: Stone Brown,Supima T-Shirts,,₹ 999
Solids: Maroon,Oversized T-Shirts,,₹ 799
Solids: Sea Blue,Oversized T-Shirts,,₹ 799
Truck Art: Deadpool,Oversized T-Shirts,,₹ 1049
Courage: Existential Crisis,T-Shirts,,₹ 699
Solids: White & Berry Colourblock,Oversized Polos,,₹ 1399
Hulk: The Incredible,Oversized T-Shirts,,₹ 1299
Solids: Pastel Pink,Oversized Full Sleeve T-Shirts,₹ 1199,₹ 799
TSS Originals: Beary Cute,T-Shirts,₹ 699,₹ 449
Classic Sustainable Tee: Cocoa Brown,Oversized T-Shirts,,₹ 999
TSS Originals: Scarlet Scale,Men Rugby Polos,,₹ 1049
Donald Duck: Stripes,T-Shirts,,₹ 699
Jurassic Park: Roaring Times,Oversized T-Shirts,,₹ 999
Superman: Man Of Steel,T-Shirts,,₹ 649
TSS Originals: Later Hater,Oversized T-Shirts,₹ 999,₹ 699
TSS Originals: Mosaic Blue,Oversized Full Sleeve T-Shirts,,₹ 999
Solids: White,Oversized T-Shirts,,₹ 899
Hulk: Gamma Fury,Oversized T-Shirts,,₹ 1499
Alien Invasion: Exploring Earth,Oversized T-Shirts,,₹ 1049
Archie: Riverdale Varsity,Oversized T-Shirts,,₹ 849
Top Gun: Maverick Polo,Oversized Polos,,₹ 1299
Batman: Gotham Guardian,Oversized T-Shirts,,₹ 999
TSS Originals: Astro Rock,Oversized T-Shirts,,₹ 999
ISRO: India Pride,Oversized T-Shirts,,₹ 999
Truck Art: Doctor Strange,Oversized T-Shirts,,₹ 1049
Solids Rugby Polo: Navy Striped,Men Rugby Polos,,₹ 1049
Tom And Jerry: Angry Tom,Oversized T-Shirts,,₹ 899
Naruto: Battle Ready,Oversized T-Shirts,,₹ 1049
Solids: Deep Lavender,T-Shirts,,₹ 599
TMNT: The Squad,T-Shirts,,₹ 799
Solids: Sage Green,Oversized T-Shirts,₹ 999,₹ 599
Avengers: The Heroes,Oversized T-Shirts,,₹ 1299
Rick & Morty: Morty-fied,Oversized T-Shirts,₹ 999,₹ 699
Captain America: The First Avenger,T-Shirts,,₹ 599
Wolverine: Weapon X,Oversized T-Shirts,,₹ 1049
Rick & Morty: Interdimensional,Oversized T-Shirts,,₹ 999
Batman: Caped Crusader,Hooded T-Shirts,,₹ 999
Solids: Powder Blue,Oversized T-Shirts,,₹ 899
Looney Tunes: Jammin,Hooded T-Shirts,₹ 1199,₹ 749
Supima: Aqua Blue,Supima T-Shirts,,₹ 999
House of the Dragon: Fire and Blood,Men Relaxed Fit T-Shirts,,₹ 599
Solids: Yellow Ochre,Oversized T-Shirts,,₹ 799
Rick And Morty: Escape,Hooded T-Shirts,₹ 1199,₹ 699
Scooby Doo: Halloween,Oversized T-Shirts,,₹ 799
Ghost Rider: Spirit Of Vengeance,Oversized T-Shirts,₹ 999,₹ 799
Utility T-shirt: Blaze,Oversized T-Shirts,,₹ 1049
TSS Originals: Iris,Hooded T-Shirts,,₹ 1499
TSS Originals: Irish,Oversized Full Sleeve T-Shirts,,₹ 999
Spider-Man: Logo (Colourblock),Zipper Polos,,₹ 1399
The Boys: Logo,Men Relaxed Fit T-Shirts,,₹ 749
Rick And Morty: Morty Universe,Oversized T-Shirts,₹ 999,₹ 749
TSS Originals: Mumbai,Oversized T-Shirts,,₹ 899
Solids: Superhero Red,Oversized T-Shirts,₹ 899,₹ 799
DC: Batman Beyond,Oversized T-Shirts,,₹ 1299
Deadpool: Dogpool,Oversized T-Shirts,,₹ 899
Venom: Desi,Oversized T-Shirts,,₹ 949
Superman: The Man of Steel,Oversized T-Shirts,,₹ 899
Tom And Jerry: Devious Duo,Oversized T-Shirts,,₹ 999
Spider-Man: Sigil,T-Shirts,,₹ 599
Solids: Off White and Yellow,Hooded T-Shirts,₹ 1199,₹ 849
Naruto: Believe it,Oversized T-Shirts,₹ 999,₹ 699
DC: Batman & Nightwing,Hooded T-Shirts,,₹ 1399
Courage: Same Shit,T-Shirts,,₹ 999
Naruto: Ghost of Uchiha,Oversized T-Shirts,,₹ 1049
Naruto: Sannin,Oversized T-Shirts,,₹ 1049
TSS Originals: Shadow,Oversized T-Shirts,,₹ 1499
Batman: The Dark Knight,Hooded T-Shirts,,₹ 1399
Avatar: Balance,Oversized T-Shirts,,₹ 999
Supima: Peach,Supima T-Shirts,,₹ 999
TSS Originals: Stitch,Oversized T-Shirts,,₹ 1499
Dungeons & Dragons: Owlbear,T-Shirts,,₹ 599
Naruto: Uchiha Clan,Oversized Full Sleeve T-Shirts,₹ 1299,₹ 799
Supima: Faded Denim,Supima T-Shirts,,₹ 999
Supima: Lime Green,Supima T-Shirts,,₹ 999
TMNT: Cowabunga,Oversized T-Shirts,,₹ 1049
Iron Man: Logo,Oversized T-Shirts,,₹ 999
Naruto: Gaara of the Sand,Men Relaxed Fit T-Shirts,,₹ 749
Star Wars: Galactic Outlaw,Hooded T-Shirts,₹ 1399,₹ 999
Harry Potter: Quidditch Champ,Men Rugby Polos,,₹ 1299
Solids: Maroon,Oversized T-Shirts,₹ 999,₹ 699
Solids: Jade Green,Oversized T-Shirts,₹ 999,₹ 549
Kung Fu Panda: Master Of Chi,Oversized T-Shirts,,₹ 1299
Tom And Jerry: Thinking Tom,T-Shirts,,₹ 899
Disney: Donald Duck Attitude,Oversized T-Shirts,,₹ 999
Punisher: Lethal Mode,Oversized T-Shirts,,₹ 999
Shazam: Thunderbolt,T-Shirts,,₹ 649
Solid: White,Jerseys,,₹ 599
Superman: The Classic Symbol,T-Shirts,,₹ 599
Dungeons & Dragons: Vintage,Hooded T-Shirts,,₹ 1049
Tom And Jerry: Crime Time,T-Shirts,,₹ 699
TSS Originals: Topaz Tint,Oversized Polos,,₹ 1299
Avatar: Make Tea Not War,Oversized T-Shirts,,₹ 1049
TSS Originals: Scribbles,Oversized T-Shirts,,₹ 1299
Marvel: Comic Nerd,T-Shirts,,₹ 799
Solids: Black,Polos,,₹ 1049
Solids: Orange Blaze,Oversized T-Shirts,,₹ 849
Batman: Madness In Gotham,Oversized T-Shirts,₹ 999,₹ 649
Solids: Baltic Sea,Polos,₹ 999,₹ 699
TSS Originals: Furious Dragon,Oversized Polos,,₹ 1499
TSS Originals: Mudart,Hooded T-Shirts,,₹ 1499
Iron Man: Arc Reactor (Glow In The Dark),Drop Cut T-Shirts,,₹ 999
Batman: The Bat Sigil,Oversized T-Shirts,,₹ 1049
FRIENDS: The Frame,Oversized T-Shirts,,₹ 899
Looney Tunes: The Squad,T-Shirts,,₹ 549
Shazam: Realm of Gods,Oversized T-Shirts,,₹ 849
Mickey Mouse: Yo,Oversized T-Shirts,,₹ 999
Top Gun: Logo,T-Shirts,,₹ 799
Solids: Light Orange,Oversized T-Shirts,,₹ 799
Truck Art: Black Panther,Oversized T-Shirts,₹ 999,₹ 749
Tie-Dye: Blue Topaz,Oversized Full Sleeve T-Shirts,,₹ 999
Solids: Soft Brown,Oversized T-Shirts,,₹ 999
Solids: Powder Blue,T-Shirts,₹ 599,₹ 449
TSS Originals: Acid Drip,Oversized T-Shirts,,₹ 1299
Wolverine: Come Together,Oversized T-Shirts,,₹ 1299
Harry Potter: Snitch 07,Oversized Polos,,₹ 1299
Dexter: Power of Science,Oversized T-Shirts,,₹ 1049
TSS Originals: Merlot Navy,Oversized Full Sleeve T-Shirts,₹ 1199,₹ 799
Samurai Jack: Blade Of Honor,Oversized Full Sleeve T-Shirts,,₹ 999
Classic Sustainable Tee: Airforce Blue,T-Shirts,,₹ 599
Supima: Soft Pink,Supima T-Shirts,,₹ 999
Dungeons & Dragons: Fighters Club,Men Rugby Polos,,₹ 1299
Money Heist: Master Mind Berlin,Oversized T-Shirts,₹ 999,₹ 599
Marvel: Wakanda Forever Colourblock,T-Shirts,,₹ 699
TSS Originals: Canton,Oversized T-Shirts,,₹ 899
Solids: Navy Blue,T-Shirts,₹ 599,₹ 319
TSS Originals: Cinnabar,Oversized Polos,₹ 999,₹ 699
Kung Fu Panda: Not Interested,Oversized Full Sleeve T-Shirts,,₹ 999
Jurassic Park: Prehistoric Paradise (Vintage Wash),Oversized T-Shirts,,₹ 1049
Solids: Sage Green,T-Shirts,₹ 699,₹ 399
Naruto: Itachi Uchiha,T-Shirts,,₹ 749
Dungeons & Dragons: Dungeon Master,T-Shirts,₹ 699,₹ 399
Classic Sustainable Tee: Emerald Green,T-Shirts,,₹ 599
Harry Potter: Slytherin Rugby Set,Hooded T-Shirts,,₹ 1499
Peanuts: Old School,T-Shirts,,₹ 649
Rick & Morty: Done with this Universe,Oversized T-Shirts,,₹ 999
House of the Dragon: Caraxes,Hooded T-Shirts,,₹ 1399
Disney: Jungle Book Baloo,T-Shirts,₹ 699,₹ 549
Justice League: Comic Time,T-Shirts,,₹ 849
TSS Originals: 2013,Oversized T-Shirts,,₹ 1299
Captain America: The Super Soldier,Oversized Full Sleeve T-Shirts,,₹ 799
Spider-Man: Amazing Spiderman,Oversized T-Shirts,₹ 999,₹ 699
Solids: Nude Pink,Hooded T-Shirts,₹ 1199,₹ 649
Ant-Man: Kang The Conqueror,Oversized T-Shirts,₹ 999,₹ 549
Naruto: Kakashi Hatake,Men Rugby Polos,,₹ 1049
The Boys: Never Meet Your Heroes,Oversized T-Shirts,₹ 999,₹ 699
Solids: Dark Olive Green,Oversized Polos,,₹ 1299
Naruto: Kakashi,Hooded T-Shirts,₹ 999,₹ 799
Seinfeld: Faces,T-Shirts,₹ 699,₹ 549
Solids: Pale Purple,Oversized Full Sleeve T-Shirts,₹ 1199,₹ 799
Black Panther: Graphic Logo,T-Shirts,,₹ 649
Jersey T-Shirt: White,Jerseys,,₹ 366
Solids: Berry,Oversized Full Sleeve T-Shirts,,₹ 999
House Of The Dragon: Logo,T-Shirts,,₹ 649
Solids: Ash Grey,Oversized T-Shirts,,₹ 799
Avatar: Zuko,Oversized T-Shirts,,₹ 899
Batman: Kick Of Vengence,Oversized T-Shirts,₹ 999,₹ 749
Solids: Serene Green,T-Shirts,₹ 699,₹ 499
TSS Originals: Peace,Oversized T-Shirts,,₹ 1049
Truck Art: Looney Tunes,Oversized T-Shirts,,₹ 1049
TMNT: Ninjas,Oversized T-Shirts,₹ 999,₹ 749
Star Wars: Dark Lord,Oversized T-Shirts,,₹ 1049
Ed Sheeran: Bad Habits,Oversized T-Shirts,₹ 949,₹ 699
TSS Originals: High As Hell,Oversized T-Shirts,,₹ 699
Solids: Berry (Utility),Oversized T-Shirts,,₹ 899
Looney Tunes: Magic Mushroom,Oversized T-Shirts,,₹ 1299
TSS Originals: Break Free Turtle,Oversized T-Shirts,,₹ 999
Solids: White,Mandarin Polos,,₹ 899
Garfield: Cool Cat,Oversized T-Shirts,,₹ 999
TSS Originals: Radiant,Oversized Full Sleeve T-Shirts,,₹ 999
Scooby Doo: Mystery Club,Oversized T-Shirts,,₹ 999
Tarot: Batman,Oversized Full Sleeve T-Shirts,,₹ 999
Batman: Paisley,Oversized Full Sleeve T-Shirts,,₹ 999
Hulk: Time To Smash (Vintage Wash),Oversized T-Shirts,,₹ 999
Felix The Cat: Vibin',T-Shirts,,₹ 599
Justice League: Legendary (Utility),Oversized T-Shirts,,₹ 849
The Boys: Don't Be A C*nt,Oversized T-Shirts,,₹ 999
Joker: Certified Insane,Oversized T-Shirts,,₹ 999
FCB: Mes Que Un Club,T-Shirts,,₹ 749
Marvel: Logo,Oversized T-Shirts,,₹ 1049
Justice League: Classic Logo,Men Relaxed Fit T-Shirts,,₹ 499
Aquaman: King of Atlantis,Hooded T-Shirts,₹ 1199,₹ 949
Solids: Blue,Jerseys,₹ 499,₹ 249
Naruto: Yellow Flash,Oversized T-Shirts,,₹ 999
Solids: Airy Blue,Oversized T-Shirts,₹ 999,₹ 699
Breaking Bad: Science B*tch,Oversized T-Shirts,,₹ 899
Iron-Man: Graffiti,Oversized Full Sleeve T-Shirts,,₹ 999
Solids: Sunshine Yellow,Henley T-Shirts,,₹ 599
Tom And Jerry: Cheese The Day,T-Shirts,,₹ 849
Transformers: Optimus Prime,Oversized T-Shirts,₹ 999,₹ 599
Captain America: Comic Time,T-Shirts,,₹ 549
Avatar: The Way,Oversized T-Shirts,,₹ 899
Lion King: Hakuna Matata,Oversized T-Shirts,,₹ 1299
Cars: Lightning McQueen,Oversized T-Shirts,,₹ 1049
Black Panther: The Mask,Mandarin Polos,,₹ 1049
Rebel Moon: Galactic,Oversized T-Shirts,,₹ 999
House of the Dragon: Logo,Men Relaxed Fit T-Shirts,,₹ 649
That's What She Said,T-Shirts,,₹ 799
Stripes: Timeless Noir,Oversized Polos,,₹ 999
Squid Game: Let's Play,Oversized T-Shirts,,₹ 1049
TSS Originals: Unleash The Dragon,Oversized T-Shirts,,₹ 899
Peanuts: Favorite Dog,T-Shirts,,₹ 799
Solids: Apricot,Polos,₹ 999,₹ 649
Solids: Sailor,Polos,,₹ 1049
TSS Originals: Positivi-Tea,T-Shirts,,₹ 699
Garfield: Smile,Oversized T-Shirts,,₹ 1049
The Office: Michael Scott,Oversized T-Shirts,,₹ 1299
TSS Originals: Real Life Story,Oversized T-Shirts,,₹ 1399
Solids: Dusty Peach,Mandarin Polos,,₹ 899
Solids: Warm Grey,T-Shirts,,₹ 799
Peanuts: Keepin It Cool,Oversized T-Shirts,,₹ 1049
Avengers: Suit,Zipper Polos,,₹ 1399
TSS Originals: Delhi,Oversized T-Shirts,₹ 999,₹ 799
Solids: Red,T-Shirts,,₹ 399
TMNT: Rebel,Oversized T-Shirts,,₹ 899
Truck Art: Spider-Man,Oversized T-Shirts,₹ 999,₹ 699
Daffy Duck: Prankster,Oversized T-Shirts,,₹ 999
Star Wars: Dark Side,Oversized T-Shirts,,₹ 1049
One Piece: Luffy The Pirate King,Oversized T-Shirts,₹ 999,₹ 749
TSS Originals: Cyber Vigilante,Oversized T-Shirts,,₹ 999
Marvel: Venom,Oversized T-Shirts,,₹ 1049
Naruto: Gaara Vs Lee,Oversized T-Shirts,,₹ 849
Black Panther: Wakanda Tribe,Oversized T-Shirts,,₹ 1049
Naruto: Uchiha Brothers,Oversized T-Shirts,,₹ 1299
Rick And Morty: Adventure,T-Shirts,,₹ 899
The Mandalorian: This Is The Way,Oversized Full Sleeve T-Shirts,₹ 1199,₹ 799
Solids: Burnt Sienna Brown,T-Shirts,,₹ 799
Deadpool: Newest Badass,T-Shirts,,₹ 799
TSS Originals: Pocket,Oversized T-Shirts,,₹ 1499
Garfield: Lazy AF,T-Shirts,,₹ 649
Solids: Denim Blue Colourblock,Oversized Polos,₹ 999,₹ 749
TSS Originals: Purple,Oversized T-Shirts,,₹ 1549
Naruto: Uzumaki 10,Oversized Jerseys,₹ 999,₹ 799
Breaking Bad: Walter & Jesse,Oversized T-Shirts,,₹ 1049
Star Wars: The Mandalorian,Hooded T-Shirts,,₹ 1049
ISRO: Chandrayaan 3,Oversized T-Shirts,₹ 999,₹ 599
Pink Panther: Hard Life,Oversized T-Shirts,₹ 999,₹ 599
Iron Man: Logo (Colourblock),Zipper Polos,,₹ 1049
Dungeons & Dragons: Roll,T-Shirts,₹ 699,₹ 349
Solids: Persian Pink,Mandarin Polos,₹ 999,₹ 799
Popeye: Fight Time,T-Shirts,,₹ 799
Superman: Fighting Crime,Oversized Polos,,₹ 799
TSS Originals: ASAP,T-Shirts,,₹ 649
Garfield: Clingy,Oversized T-Shirts,,₹ 999
Star Wars: Mandalorian,Oversized T-Shirts,₹ 999,₹ 799
TSS Originals: Emotional Support,Oversized T-Shirts,₹ 999,₹ 699
Spider-Man: Saving The Spider-Verse,Hooded T-Shirts,,₹ 1499
Batman: Supervillain,Oversized T-Shirts,,₹ 1049
Solids: White,Oversized Full Sleeve T-Shirts,,₹ 999
Spider-Man: Across The Spider-Verse,Oversized Full Sleeve T-Shirts,,₹ 799
Solids: Tangerine,Polos,₹ 999,₹ 799
Solids: Emerald Green,Polos,,₹ 1049
Venom: The Symbiote,T-Shirts,,₹ 699
Mickey Mouse: Smarty Pants,Oversized T-Shirts,₹ 999,₹ 699
Star Trek: Live Long and Prosper,Oversized T-Shirts,₹ 999,₹ 749
Spaced Out,Oversized T-Shirts,₹ 999,₹ 549
TSS Originals: Foodie,T-Shirts,₹ 699,₹ 499
Deadpool: Merc 91,Hooded T-Shirts,,₹ 1299
Transformers: Bumblebee,Oversized Full Sleeve T-Shirts,,₹ 999
TSS Originals: Wild Lime,Men Rugby Polos,₹ 1199,₹ 749
Harry Potter: Hogwarts Is Home,Oversized T-Shirts,,₹ 849
Alien Invasion: Street Punk,Oversized T-Shirts,₹ 999,₹ 699
Naruto: Anbu Black Ops,Oversized T-Shirts,,₹ 1049
Minions: I Don't Care,Oversized T-Shirts,,₹ 1049
Solids: Fresh Pink,T-Shirts,₹ 699,₹ 449
TSS Originals: OGs Forever,Oversized Full Sleeve T-Shirts,₹ 1199,₹ 999
Batman: Hero Run,T-Shirts,,₹ 749
Ombre: Midnight Blue,Oversized Full Sleeve T-Shirts,,₹ 999
Star Wars: Shadows Of The Empire,Oversized Full Sleeve T-Shirts,,₹ 999
Solids: Light Lavender,Oversized T-Shirts,₹ 999,₹ 749
Solids: Pearl Grey,T-Shirts,,₹ 599
Disney: Goofy,Oversized T-Shirts,,₹ 1049
TSS Originals: Coral Sands,Oversized Full Sleeve T-Shirts,,₹ 999
Monopoly: Hustlin',Oversized T-Shirts,,₹ 999
Seinfeld: A Show About Nothing,T-Shirts,₹ 699,₹ 499
Kung Fu Panda: Skadoosh,Oversized T-Shirts,,₹ 1299
Captain America: Super Soldier,Oversized Polos,,₹ 1299
Color Block: Cayenne,Oversized Polos,,₹ 999
Johnny Bravo: King Of Waves,T-Shirts,,₹ 549
Solids: Light Blue & Brown,Oversized Polos,,₹ 999
Spider-Man: The Web,T-Shirts,,₹ 799
F.R.I.E.N.D.S: I'll Be There For You,T-Shirts,,₹ 799
House Of Dragon: Fire Made Flesh,Oversized T-Shirts,,₹ 999
Black Panther: The Warrior,Oversized Full Sleeve T-Shirts,,₹ 999
Solids: Sage Green,Oversized Full Sleeve T-Shirts,₹ 1199,₹ 999
Solids: Midnight Black,T-Shirts,,₹ 599
Breaking Bad: Danger,Hooded T-Shirts,,₹ 1299
Solids: Pink & Navy,Oversized Polos,,₹ 899
Disney: Buzz Lightyear,Oversized Full Sleeve T-Shirts,,₹ 799
Classic Sustainable Tee: Indigo Bliss,T-Shirts,,₹ 599
Naruto: Akatsuki,Oversized T-Shirts,,₹ 999
Superman: Done Being Super,Hooded T-Shirts,,₹ 1299
Batman: The Caped Crusader (Glow In The Dark),T-Shirts,,₹ 999
One Piece: Most Wanted,Oversized T-Shirts,,₹ 1049
Ed Sheeran: Mathematics Tour,T-Shirts,,₹ 849
Solids: Olive Grove,Polos,,₹ 1049
Peanuts: Chillin,Oversized T-Shirts,,₹ 899
TSS Originals: Vada Pav,Oversized T-Shirts,,₹ 899
Batman: Logo (Vintage Wash),Oversized T-Shirts,,₹ 1299
Harry Potter: Hogwarts Is Home,Oversized Full Sleeve T-Shirts,,₹ 999
"Ed, Edd n Eddy: Chaotic Bros",Oversized T-Shirts,,₹ 1049
Naruto: Drunken Fist,Oversized T-Shirts,,₹ 899
House of the Dragon: Dragons Did,Oversized T-Shirts,,₹ 1049
Solids: Pale Purple,Oversized T-Shirts,,₹ 1049
Courage: Pattern,T-Shirts,,₹ 549
Black Panther: Wakanda Forever,Oversized Full Sleeve T-Shirts,,₹ 799
Tarot: Superman,Oversized T-Shirts,₹ 999,₹ 799
Squid Game: Red Light Green Light,Oversized T-Shirts,,₹ 999
Solids: Pearl Grey,Oversized T-Shirts,,₹ 949
Looney Tunes: Daffy in Space Jam,Oversized T-Shirts,₹ 999,₹ 699
Top Gun: Blueprint,Oversized T-Shirts,,₹ 999
Deadpool: The Anti-Hero,Men Rugby Polos,,₹ 1399
Naruto: Gaara,Oversized T-Shirts,₹ 999,₹ 699
Solids: Yellow,Polos,₹ 999,₹ 699
Rick & Morty: Escape From Reality,Oversized T-Shirts,,₹ 1049
TSS Originals: Iris,Super Oversized T-Shirts,₹ 1199,₹ 849
TSS Originals: Bluestone,Oversized Full Sleeve T-Shirts,,₹ 799
Star Wars: Darth Maul,Oversized T-Shirts,₹ 999,₹ 699
Cartoon Network: Johnny Bravo,Oversized Full Sleeve T-Shirts,₹ 1199,₹ 799
Green Lantern: Logo,T-Shirts,,₹ 849
Solids: Lavender,T-Shirts,₹ 699,₹ 449
Squid Game: Logo,T-Shirts,,₹ 649
Solids: Dark Purple,Oversized T-Shirts,,₹ 949
Top Gun: Classic,Oversized Polos,,₹ 1399
TSS Originals: Astral,Hooded T-Shirts,₹ 999,₹ 699
Brooklyn Nine-Nine: Human Genius,Oversized T-Shirts,₹ 999,₹ 799
Solids: Serene Sky,T-Shirts,₹ 599,₹ 399
Solids: Navy,Mandarin Polos,,₹ 1049
Solids: Sage Green,Mandarin Polos,,₹ 999
Spider-Man: 2099,Drop Cut T-Shirts,₹ 799,₹ 599
The Flash: 99,Oversized Jerseys,,₹ 799
TSS Originals: Tangelo,Men Rugby Polos,,₹ 1299
TSS Originals: Retro Gamer,Oversized T-Shirts,₹ 999,₹ 799
The Flash: Lightning Bolt,T-Shirts,,₹ 649
Dungeons & Dragons: Displacer Beast,Oversized T-Shirts,₹ 999,₹ 599
Garfield: Attitude,Oversized Full Sleeve T-Shirts,₹ 1199,₹ 799
Mickey Mouse: Fly Away,Oversized T-Shirts,,₹ 899
Dungeons & Dragons: Mindflayer,Oversized Full Sleeve T-Shirts,₹ 1199,₹ 849
House Of The Dragon: Caraxes,Oversized T-Shirts,,₹ 999
Loki: Master of Mischief,Oversized T-Shirts,,₹ 849
Solids: Pastel Blue,Oversized Polos,,₹ 1299
TSS Originals: Wisteria,Oversized Full Sleeve T-Shirts,₹ 1199,₹ 849
Thor: For Asgard,Oversized Full Sleeve T-Shirts,,₹ 899
Popeye: Thinking Hat,Hooded T-Shirts,,₹ 999
Spider-Man: Webtastic,Men Rugby Polos,,₹ 1049
Breaking Bad: Let's Cook,Oversized T-Shirts,₹ 999,₹ 699
Money Heist: Berlin,T-Shirts,₹ 699,₹ 549
TBBT: Bazinga,Oversized T-Shirts,,₹ 999
Stranger Things: California '86,Oversized T-Shirts,₹ 999,₹ 699
Solids: Arctic,Hooded T-Shirts,₹ 1399,₹ 799
Breaking Bad: Jesse and Walter,Oversized T-Shirts,,₹ 1299
Batman: The Cowl,Oversized T-Shirts,,₹ 1049
Star Wars: Darth Vader,Oversized Full Sleeve T-Shirts,,₹ 799
Scooby Doo: Jeebiesville,Oversized T-Shirts,₹ 999,₹ 599
Marvel: Avengers Assemble,Oversized Full Sleeve T-Shirts,,₹ 999
Star Trek: The Universe,Oversized Polos,₹ 999,₹ 749
Donald Duck: Caution,Oversized T-Shirts,,₹ 1299
Naruto: Gaara,Oversized Full Sleeve T-Shirts,₹ 1199,₹ 999
Disney: Quack Hard,Oversized T-Shirts,,₹ 999
Color Block: Mist Green,Oversized Polos,,₹ 999
Naruto: Ichiraku Ramen,Oversized T-Shirts,₹ 999,₹ 699
Shazam: Billy Batson,Oversized T-Shirts,₹ 999,₹ 699
Chandrayaan 3: Journey To The Moon,Oversized T-Shirts,₹ 999,₹ 799
TSS Originals: Malachite,Super Oversized T-Shirts,₹ 1199,₹ 849
Garfield: Hangry,Oversized T-Shirts,,₹ 999
TSS Originals: At The Beach,Oversized T-Shirts,,₹ 1049
Solids: Nude Pink,Oversized T-Shirts,₹ 999,₹ 749
Manchester City: Champions 2023,T-Shirts,₹ 699,₹ 549
Scooby Doo: Scooby Love,Oversized Full Sleeve T-Shirts,,₹ 999
Disney: Carpenheimer,Oversized T-Shirts,,₹ 1049
Fighter: SU 30,T-Shirts,,₹ 799
TSS Originals: Claret,Oversized Full Sleeve T-Shirts,,₹ 799
TSS Originals: Relaksa,Oversized T-Shirts,₹ 999,₹ 749
Supima: Teal,Supima T-Shirts,,₹ 999
The Godfather: The Don,Oversized T-Shirts,,₹ 1049
TSS Originals: Good Vibes,Oversized T-Shirts,,₹ 899
BGMI: Vintage,Oversized T-Shirts,₹ 999,₹ 699
TSS Originals: Paani Puri,Oversized T-Shirts,₹ 999,₹ 699
Solids: Light Grey,Mandarin Polos,₹ 999,₹ 799
TSS Originals: Samurai,Oversized T-Shirts,₹ 999,₹ 699
Superman: Classic,Oversized T-Shirts,,₹ 1299
Courage: Mondays!,Oversized T-Shirts,₹ 999,₹ 699
Solids: Sage Green,T-Shirts,₹ 599,₹ 399
Solids: Ochre,Polos,,₹ 899
Solids: Jade Green & Navy Blue Colourblock,Oversized Polos,₹ 999,₹ 749
SpongeBob: Life's Sweet,Oversized T-Shirts,,₹ 999
Disney: Fearless Sher Khan,Oversized T-Shirts,,₹ 849
Solids: Frost Blue,T-Shirts,₹ 699,₹ 549
Star Wars: Boba Fett,T-Shirts,,₹ 599
TSS Originals: Out Of Office,Oversized T-Shirts,,₹ 899
Pennywise: Time To Float,Oversized T-Shirts,,₹ 1299
Enter The Dragon: Bruce Lee,Oversized T-Shirts,₹ 999,₹ 799
Naruto: Hokage,Oversized Full Sleeve T-Shirts,₹ 1259,₹ 999
Top Gun: Talk To Me Goose,T-Shirts,,₹ 799
Peanuts: Snoopy,Oversized Polos,,₹ 1299
Spider-Man: Beyond Amazing,Oversized Full Sleeve T-Shirts,₹ 1199,₹ 949
Classic Sustainable Tee: Beige,T-Shirts,,₹ 599
Spider-Man: Web Wonder,Oversized T-Shirts,,₹ 1049
TSS Originals: Retro Gamer,Oversized Full Sleeve T-Shirts,₹ 1199,₹ 799
TSS Originals: Slayer,Oversized T-Shirts,,₹ 1049
Seinfeld: Logo,T-Shirts,,₹ 699
Supima: Deep Purple,Supima T-Shirts,,₹ 999
Tarot: Doctor Strange,Zipper Polos,,₹ 1299
Peanuts: Snoopy Chillin,Polos,,₹ 849
Avengers: Quantum,T-Shirts,,₹ 699
Solids: Midnight Black,Mandarin Polos,,₹ 999
Solids: Ocean Blue Colourblock,Oversized Polos,,₹ 1049
Colourblock: Teal Blaze,Oversized Full Sleeve T-Shirts,₹ 1199,₹ 649
TSS Originals: Cutting Chai,Oversized T-Shirts,₹ 999,₹ 599
TSS Originals: Mann Ki Shanti,Oversized T-Shirts,₹ 999,₹ 599
Black Panther: Logo (Colourblock),Zipper Polos,,₹ 1299
Solids: Burgundy Wine,T-Shirts,₹ 699,₹ 299
TMNT: Booyashaka,Oversized T-Shirts,,₹ 949
Captain America: Super Soldier,Oversized Jerseys,,₹ 999
TSS Originals: Trippin' Good,Oversized T-Shirts,,₹ 999
Daffy Duck: Chillin Villain,Oversized T-Shirts,,₹ 1049
Solids: Zen Blue,Mandarin Polos,₹ 999,₹ 799
Thor: Varsity,T-Shirts,,₹ 599
FCB: Logo,T-Shirts,,₹ 799
Solids: Black,Henley T-Shirts,,₹ 799
TSS Originals: Solid Black,Hooded T-Shirts,,₹ 899
ISRO: Logo,T-Shirts,,₹ 549
Solids: Electric Blue,Henley T-Shirts,,₹ 599
Superman: Iconic Emblem,T-Shirts,,₹ 799
Looney Tunes: Endless Vacation,Oversized T-Shirts,₹ 999,₹ 649
Spider-Man: Punk,Oversized T-Shirts,₹ 999,₹ 649
Stranger Things: Hellfire Club,Oversized Full Sleeve T-Shirts,,₹ 999
TSS Originals: Race Red,Oversized Full Sleeve T-Shirts,₹ 1199,₹ 999
Looney Tunes: The Daffy Sketch,Oversized T-Shirts,,₹ 899
Money Heist: We Are The Resistance,Oversized T-Shirts,,₹ 949
TSS Originals: Puzzle,Oversized T-Shirts,,₹ 1799
Batman: Bat Signal Tie Dye,Oversized T-Shirts,,₹ 1299
Solids: Dark Olive,Mandarin Polos,,₹ 899
Monopoly: Make It Rain,Oversized T-Shirts,,₹ 949
ISRO: Lunar Mission,T-Shirts,,₹ 849
Supima: Airy Blue,Supima T-Shirts,,₹ 999
Rick And Morty: Portal Boyz,Oversized T-Shirts,₹ 999,₹ 549
Solids: Airy Blue,T-Shirts,₹ 599,₹ 399
Truck Art: Batman,Oversized T-Shirts,₹ 999,₹ 749
Solids: Pink,Oversized Polos,₹ 999,₹ 699
TSS Originals: Wanderer,Oversized T-Shirts,₹ 999,₹ 699
The Flintstones: Yabba Dabba Doo,Oversized T-Shirts,,₹ 999
TMNT: The Shred,Oversized T-Shirts,,₹ 899
Courage: Living Rent-Free,T-Shirts,,₹ 799
Peanuts: Snoop,T-Shirts,,₹ 799
Rick And Morty: Escape,Oversized Full Sleeve T-Shirts,₹ 1199,₹ 799
FRIENDS: Yellow Frame,T-Shirts,,₹ 799
Phantom: Ghost That Walks,Hooded T-Shirts,₹ 1199,₹ 699
Deadpool: Logo,Oversized Polos,,₹ 1049
Solids: Mystery Black,Mandarin Polos,₹ 999,₹ 649
Popeye: Powerhouse,Hooded T-Shirts,,₹ 1049
Solids: Kelly Green,Oversized Full Sleeve T-Shirts,₹ 1299,₹ 999
Dungeons & Dragons: Monsters & Treasure,Hooded T-Shirts,,₹ 1499
Batman: Symbol,Oversized Full Sleeve T-Shirts,,₹ 799
Breaking Bad: La Tortuga,Oversized T-Shirts,₹ 999,₹ 749
Solids: Electric Blue,Oversized Full Sleeve T-Shirts,,₹ 999
DC: Justice League,Hooded T-Shirts,₹ 1199,₹ 699
Dungeons & Dragons: Behold,Oversized Full Sleeve T-Shirts,₹ 1199,₹ 799
Marvel: The Incredible Hulk,Oversized Full Sleeve T-Shirts,₹ 1199,₹ 699
Solids: Desert Rose,Mandarin Polos,,₹ 999
TSS Originals: Melting Away,Oversized T-Shirts,,₹ 899
Courage: Face,Oversized T-Shirts,₹ 999,₹ 699
Harry Potter: Deathly Hallows,Oversized T-Shirts,,₹ 999
Solids: Off-White,Oversized Polos,,₹ 1299
Batman: The Dark Knight,T-Shirts,,₹ 899
Solids: Brick Red,Oversized Polos,,₹ 949
Spider-Man: The Suit,Drop Cut T-Shirts,,₹ 899
TSS Originals: Cosmos Legend,Oversized Full Sleeve T-Shirts,₹ 1199,₹ 699
TSS Originals: No Social Battery,Oversized T-Shirts,,₹ 999
Solids: Peppermint Green,Oversized T-Shirts,₹ 999,₹ 699
Scooby Doo: Meddling Kids (Oversized),Oversized Full Sleeve T-Shirts,₹ 1199,₹ 649
TSS Originals: Drip Check,Oversized Full Sleeve T-Shirts,₹ 1199,₹ 799
TSS Originals: Indie Red,Zipper Polos,,₹ 1199
SpongeBob: Unrecognized Talent,T-Shirts,₹ 699,₹ 549
Moon Knight: Fist Of Vengeance,Oversized T-Shirts,₹ 999,₹ 599
Star Wars: Darth Vader,T-Shirts,,₹ 849
Moon Knight: Graphic,Oversized T-Shirts,₹ 999,₹ 599
Supima: Burgundy,Supima Full Sleeve Henley T-Shirts,₹ 999,₹ 699
Superman: Man of Steel,Oversized Full Sleeve T-Shirts,₹ 1199,₹ 799
TSS Originals: No F**ks To Give,T-Shirts,₹ 699,₹ 399
Spider-Man: Crime Fighter,Oversized T-Shirts,,₹ 1049
The Boys: Only Man In The Sky,Oversized T-Shirts,,₹ 1049
Seinfeld: Festivus For All Of Us,T-Shirts,₹ 699,₹ 349
Looney Tunes: Crazy Bugs,Oversized Full Sleeve T-Shirts,,₹ 999
Rick and Morty: C-137,Hooded T-Shirts,₹ 1199,₹ 899
Batman: Gotham's Saviour,Oversized T-Shirts,,₹ 1049
The Boys: Daddy's Home,Oversized T-Shirts,,₹ 1049
Tom & Jerry: Sticky Situation,Oversized T-Shirts,,₹ 999
WB: Mad Max,Oversized Full Sleeve T-Shirts,,₹ 799
Stranger Things: Hellfire Club,Oversized T-Shirts,,₹ 1299
Supima: Apple Mint,Supima T-Shirts,,₹ 799
Joker: Put On A Happy Face,Oversized T-Shirts,₹ 999,₹ 599
Solids: Black,Hooded T-Shirts,₹ 1199,₹ 699
Pink Panther: Peace,T-Shirts,,₹ 699
Rick And Morty: Morty's World,Oversized Full Sleeve T-Shirts,₹ 1199,₹ 799
TSS Originals: My Anxiety Got Me Racing,T-Shirts,₹ 699,₹ 349
Rick And Morty: Aw Geez,Oversized T-Shirts,₹ 999,₹ 699
The Mandalorian: Grogu,Oversized T-Shirts,₹ 999,₹ 649
Black Panther: For T'Challa,Drop Cut T-Shirts,,₹ 899
"Solids: Watermelon, White and Pink (Colourblock)",Oversized Polos,,₹ 999
ISRO: At The Moon,Oversized T-Shirts,₹ 999,₹ 599
Thor: Worthy,Mandarin Polos,,₹ 849
Black Panther: Wakanda Pride (Solar Activated),T-Shirts,,₹ 699
TSS Originals: Red Block,Oversized Polos,,₹ 999
Black Panther: Long Live The King,Oversized Full Sleeve T-Shirts,₹ 1199,₹ 799
Marvel: Comic Strip,T-Shirts,,₹ 599
Black Panther: The Pride,T-Shirts,₹ 699,₹ 549
Star Wars: Rule The Galaxy,Oversized T-Shirts,₹ 999,₹ 699
Captain America: Shield,Performance Jerseys,₹ 899,₹ 649
TSS Originals: Embroidered,Oversized T-Shirts,,₹ 1299
Looney Tunes: Swish Shot,Oversized T-Shirts,,₹ 949
Courage: Oops,Oversized T-Shirts,,₹ 949
Solids: Lavender,Mandarin Polos,,₹ 899
Spider-Man: Scarlett Spider,Zipper Polos,,₹ 1199
Spider-Man: Across The Spider-Verse,Oversized T-Shirts,₹ 999,₹ 699
TSS Originals: Warrior,Oversized T-Shirts,,₹ 849
TMNT: Never Cross A Ninja,Oversized T-Shirts,₹ 999,₹ 699
The Smurfs: Smurf off!,Oversized T-Shirts,,₹ 1049
Solids: Mint Green,Hooded T-Shirts,,₹ 849
Solids: Rhubarb,Polos,,₹ 949
TSS Originals: Kalahari,Oversized T-Shirts,,₹ 949
TSS Originals: Caffeine Zombies,Oversized T-Shirts,₹ 999,₹ 499
TSS Originals: Spray Paint,Oversized T-Shirts,,₹ 1599
Solids: Navy Blue,Oversized T-Shirts,₹ 999,₹ 749
Solids: Peach & Black (Utility),Oversized T-Shirts,,₹ 999
Thor: Feel The Thunder,Oversized T-Shirts,₹ 999,₹ 749
Star Wars: Dark Lord,T-Shirts,₹ 699,₹ 449
Deadpool: Maximum Effort,Oversized Full Sleeve T-Shirts,,₹ 1299
Black Panther: Loyalty (Glow In The Dark),T-Shirts,,₹ 699
Popeye: Comic Strip,Oversized T-Shirts,,₹ 1049
Marvel: Magneto,Oversized T-Shirts,₹ 999,₹ 649
Doctor Strange: Tao Mandalas (Glow In The Dark),Oversized T-Shirts,,₹ 1049
Seinfeld: Jerk Store,T-Shirts,,₹ 699
Solids: Winter Mauve,Oversized T-Shirts,₹ 999,₹ 749
Rick And Morty: Flying Solo,T-Shirts,₹ 699,₹ 399
Doctor Strange: Master Of Mystic Arts,Oversized T-Shirts,₹ 999,₹ 599
SpongeBob: Dang!,T-Shirts,,₹ 549
Solids: Light Grey,Henley T-Shirts,₹ 799,₹ 599
Justice League: Dawn Of Justice,Oversized Full Sleeve T-Shirts,,₹ 799
Marvel: Kang Conqueror,Oversized Full Sleeve T-Shirts,₹ 1199,₹ 799
Popeye: Spinach Powered,T-Shirts,,₹ 699
TMNT: Brotherhood,Men Rugby Polos,,₹ 999
SpongeBob: Ok Boomer,Oversized T-Shirts,₹ 999,₹ 699
Solids: Tropical Colourblock,Oversized Polos,,₹ 949
Spider-Man: Thwip,Hooded T-Shirts,,₹ 999
TMNT: Leonardo,Oversized T-Shirts,₹ 999,₹ 649
Solids: Spring Bud Green,Oversized T-Shirts,₹ 999,₹ 699
Supima: Baltic Sea,Supima T-Shirts,,₹ 999
Looney Tunes: Bugs Pattern,Oversized Full Sleeve T-Shirts,₹ 1199,₹ 649
Wanderlust,Oversized T-Shirts,,₹ 899
Thor: Hammer,Oversized T-Shirts,₹ 999,₹ 649
Rebel Moon: Logo,T-Shirts,,₹ 649
Rick & Morty: Painful Existence,Oversized T-Shirts,,₹ 899
Transformers: Optimus,T-Shirts,₹ 699,₹ 499
TMNT: Turtle Power,T-Shirts,,₹ 699
Supima: Navy Blue,Supima T-Shirts,,₹ 999
Captain America: Cap's Shield (Glow In The Dark),T-Shirts,,₹ 599
Spider-Man: Miles,Oversized T-Shirts,₹ 999,₹ 599
Supima: Burnt Sienna,Supima Drop Cut T-Shirts,,₹ 999
TSS Originals: Blue Breeze,Oversized T-Shirts,₹ 999,₹ 649
Harry Potter: Gryffindor 07,Hooded T-Shirts,₹ 1199,₹ 849
Solid: Powder Blue,Hooded T-Shirts,₹ 1199,₹ 699
Avengers: Logo,Polos,,₹ 949
Batman: Surf's Up,T-Shirts,₹ 699,₹ 449
Looney Tunes: Daffy Dunk,Oversized Full Sleeve T-Shirts,,₹ 799
Truck Art: Captain America,Oversized T-Shirts,₹ 999,₹ 549
GOTG: The Crew,Oversized T-Shirts,,₹ 999
The Wizard Of Oz: The Escape,Oversized T-Shirts,₹ 999,₹ 649
Solids: Lavender,Oversized Polos,,₹ 999
Punisher: Logo,T-Shirts,,₹ 699
Solids: Pista Green,Oversized T-Shirts,₹ 999,₹ 499
Courage: YIKES,Oversized Full Sleeve T-Shirts,,₹ 799
Harry Potter: Enter The Looney Tunes,Men Rugby Polos,,₹ 1499
Solids: Navy,Oversized Full Sleeve T-Shirts,,₹ 999
TSS Originals: Carmine,Oversized Polos,₹ 999,₹ 749
Looney Tunes: Ralph Wolf,T-Shirts,,₹ 799
Donald Duck: Quackster,Oversized T-Shirts,,₹ 1049
Supima: Mineral Red,Supima T-Shirts,₹ 999,₹ 799
Batman: Gotham City,Oversized Full Sleeve T-Shirts,,₹ 999
Solids: Sky,Oversized T-Shirts,₹ 999,₹ 549
"Colourblock: Yellow, Light Purple",Oversized T-Shirts,₹ 999,₹ 649
Superman: Logo (3D),Oversized T-Shirts,,₹ 1049
House Of Dragon: Kingdom Map,Oversized T-Shirts,,₹ 999
Star Wars: Mando,T-Shirts,,₹ 699
SpongeBob: Krabby Patty,Oversized T-Shirts,₹ 999,₹ 699
TSS Originals: Wandering Octopus,Oversized T-Shirts,,₹ 899
Dexter: Genius Alert,T-Shirts,₹ 699,₹ 499
TSS Originals: Bangalore,Oversized T-Shirts,,₹ 1049
Mickey Mouse: Cruising,T-Shirts,,₹ 899
"Colourblock: Sky Blue, White",Oversized T-Shirts,₹ 999,₹ 699
Solids: Sunshine Yellow,Oversized T-Shirts,,₹ 749
Superman: Man Of Steel,Polos,,₹ 999
Solids: Mustard Yellow,T-Shirts,₹ 599,₹ 349
Loki: Time Variance Authority,Oversized T-Shirts,,₹ 1049
Rick & Morty: Portal Heads,Oversized T-Shirts,,₹ 849
Harry Potter: Hufflepuff Gang,Oversized T-Shirts,,₹ 849
Colourblock: Green,Oversized T-Shirts,,₹ 1049
Solids: Maroon Melange,T-Shirts,₹ 599,₹ 349
Batman: 39,Oversized Polos,,₹ 999
Pink Panther: What Is Life?,Oversized Full Sleeve T-Shirts,₹ 1199,₹ 899
Solids: Lavender White & Berry,Oversized Polos,₹ 999,₹ 699
TSS Originals: Sunset Chasers,Oversized T-Shirts,₹ 999,₹ 649
Punisher: The One Man Army,Men Rugby Polos,,₹ 1499
Solids: Navy,Mandarin Polos,,₹ 999
Brooklyn Nine-Nine: Noice,T-Shirts,,₹ 849
Samurai Jack: Blade,Oversized T-Shirts,,₹ 1049
Solids: Coral Orange,Oversized T-Shirts,₹ 999,₹ 599
Transformers: Autobots,Oversized T-Shirts,₹ 999,₹ 649
TSS Originals: OGs Only,Oversized Polos,,₹ 1199
Solids: Atlantic Blue,Oversized T-Shirts,₹ 999,₹ 699
Supima: Watermelon,Supima T-Shirts,,₹ 999
Marvel: Avengers Assemble,Oversized T-Shirts,,₹ 999
Deadpool: Chimichangas!,Oversized T-Shirts,,₹ 999
TSS Originals: Country Roads,Oversized T-Shirts,₹ 999,₹ 699
Batman: The Dark Knight,T-Shirts,,₹ 799
Solids: Lime Green,Oversized T-Shirts,₹ 999,₹ 699
Looney Tunes: Taz Life,T-Shirts,,₹ 699
Courage: For Love,T-Shirts,₹ 699,₹ 349
Star Wars: Millennium Falcon,Oversized T-Shirts,,₹ 999
Looney Tunes: Taz Devil,T-Shirts,,₹ 699
Tom And Jerry: Angry Tom,T-Shirts,,₹ 649
Tom And Jerry: All I Need,T-Shirts,,₹ 549
Rick And Morty: The Plan,Men Co-ord Sets,₹ 999,₹ 799
ISRO: Mission GSLV,Oversized Polos,,₹ 1299
Thor: The Thunder,T-Shirts,,₹ 699
Tarot: Spider-Man,Oversized T-Shirts,,₹ 1049
Gypsy Soul,Oversized T-Shirts,₹ 999,₹ 649
Seinfeld: Doodle,Oversized Full Sleeve T-Shirts,,₹ 899
F.R.I.E.N.D.S: Doodle,Oversized T-Shirts,,₹ 849
Tie Dye: Grey and Black,Oversized T-Shirts,,₹ 849
Black Panther: Wakanda Forever (Utility),Oversized T-Shirts,,₹ 1049
Black Adam: Logo (Raglan),Oversized Full Sleeve T-Shirts,₹ 1199,₹ 799
Pink Panther: The Art Of Chilling,Oversized T-Shirts,₹ 999,₹ 599
Harry Potter: Character Pattern,T-Shirts,,₹ 899
Fukrey: Fukra Bandha,Oversized T-Shirts,₹ 999,₹ 649
Solid: Light Melange,Henley T-Shirts,,₹ 799
Solids: Chocolate Brown,Henley T-Shirts,,₹ 699
Solids Mandarin Polo: Teal,Mandarin Polos,,₹ 849
Aquaman: King Of Atlantis,Oversized T-Shirts,₹ 999,₹ 699
Looney Tunes: Hungry Taz,T-Shirts,,₹ 799
Ombre: Wild Lime,Oversized T-Shirts,,₹ 799
Nerdy Equations,T-Shirts,,₹ 899
Harry Potter: Slytherin,Oversized Polos,₹ 999,₹ 699
"Solids: Sage Green, Black Colourblock",Oversized Polos,₹ 999,₹ 699
The Office: Best of Dunder Mifflin,T-Shirts,,₹ 599
Minions: Dropping Beats,Oversized Full Sleeve T-Shirts,₹ 1199,₹ 599
GOTG: Stay Weird,Oversized T-Shirts,₹ 999,₹ 549
Donald Duck: Pattern,T-Shirts,,₹ 649
Solids: Flamingo Pink,Oversized T-Shirts,₹ 999,₹ 799
Peanuts: Ruff Day,T-Shirts,,₹ 699
Avengers: The Mightiest Heroes,Oversized T-Shirts,,₹ 899
Solids: Grey,Oversized T-Shirts,,₹ 949
Pink Panther: Jammin',Oversized T-Shirts,₹ 999,₹ 499
Solids: Deep Lavender,Polos,,₹ 849
Solids: Denim Blue,Oversized Polos,,₹ 999
Batman: HD Logo,Oversized T-Shirts,,₹ 999
Solids: Light Lavender,Mandarin Polos,,₹ 899
"Colourblock: White, Maroon",Oversized T-Shirts,₹ 999,₹ 649
One Piece: Roronoa Zoro,Oversized T-Shirts,₹ 999,₹ 699
TSS Originals: Lemon Drop,Oversized Polos,₹ 999,₹ 699
Harry Potter: Master Of Death,Men Rugby Polos,,₹ 1199
TSS Originals: Camo Print,Jerseys,₹ 899,₹ 599
Solids: Yellow White & Navy,Oversized Polos,₹ 999,₹ 599
TSS Originals: Aqua Spring,Oversized Polos,₹ 999,₹ 799
TSS Originals: Mauve Magic,Oversized Polos,,₹ 949
Black Panther: Long Live The King,Oversized T-Shirts,,₹ 1049
Supima: Nude Pink,Supima Drop Cut T-Shirts,₹ 999,₹ 699
Solids: Dark Green,Mandarin Polos,₹ 999,₹ 749
Harry Potter: Hogwarts History,Oversized T-Shirts,,₹ 949
Deadpool: Killin' It,T-Shirts,,₹ 999
TSS Originals: Relentless Shark,Oversized T-Shirts,,₹ 999
TSS Originals: Otaku,Oversized Full Sleeve T-Shirts,,₹ 999
Looney Tunes: Samurai Bugs,Oversized Full Sleeve T-Shirts,₹ 1199,₹ 799
The Jetsons: Out Of This World,T-Shirts,₹ 699,₹ 499
Alien Invasion: Pizza,Oversized T-Shirts,₹ 999,₹ 649
Solids: Burgundy,Oversized Full Sleeve T-Shirts,,₹ 999
Avengers: Mech Strike,Oversized Full Sleeve T-Shirts,₹ 1199,₹ 599
Ghost Rider: Vengeance,Oversized Full Sleeve T-Shirts,₹ 1199,₹ 799
Looney Tunes: What's Up Doc,Oversized Full Sleeve T-Shirts,₹ 1199,₹ 799
Garfield: I Skate Mondays,Oversized T-Shirts,,₹ 849
TSS Originals: Apple Mint,Oversized Polos,₹ 999,₹ 699
TSS Originals: Lemonade,Oversized T-Shirts,₹ 999,₹ 749
Tom & Jerry: Not Quiet Just Plotting,Oversized Full Sleeve T-Shirts,,₹ 999
The Office: Dammit Jim,T-Shirts,,₹ 599
Avatar: Logo (Glow In The Dark),T-Shirts,,₹ 599
Tom And Jerry: Basket,T-Shirts,,₹ 599
Supima: Off White,Supima T-Shirts,,₹ 899
TSS Originals: Souled Vibe,Oversized T-Shirts,₹ 999,₹ 649
TSS Originals: Coffee Invasion,Oversized T-Shirts,₹ 999,₹ 549
TSS Originals: Airy Blue,Oversized Polos,,₹ 949
Captain America: Shield,T-Shirts,₹ 699,₹ 549
Solids: Rich Maroon,Mandarin Polos,,₹ 899
SpongeBob: Like A Boss,Oversized T-Shirts,₹ 999,₹ 799
The Office: Employee Of The Month,T-Shirts,,₹ 599
Peanuts: Skate It Off,Polos,,₹ 999
Naruto: Team Kakashi,Men Relaxed Fit T-Shirts,₹ 799,₹ 599
Black Panther: The King,T-Shirts,,₹ 799
The Phantom: Necessary,T-Shirts,,₹ 599
Spider-Man: With Great Power,T-Shirts,₹ 699,₹ 399
Superman: Emblem,Oversized Full Sleeve T-Shirts,₹ 999,₹ 799
Captain America: Sentinel Of Liberty,Oversized T-Shirts,,₹ 899
Pink Panther: Nostalgic,Hooded T-Shirts,,₹ 1299
The Flash: Through Time,Oversized T-Shirts,₹ 999,₹ 699
Superman: Metropolis Blue (Tie Dye),Oversized T-Shirts,₹ 999,₹ 749
Solid: Snow Blue,Jerseys,,₹ 399
"Colourblock: Peach, White, Black",Oversized T-Shirts,,₹ 849
Rick and Morty: Higher Self (Acid Wash),T-Shirts,₹ 699,₹ 549
Naruto: The Rogue Ninja,T-Shirts,,₹ 699
Marvel: Spiderman Logo,Oversized T-Shirts,,₹ 899
Solid: Navy,Hooded T-Shirts,₹ 999,₹ 799
Hulk: Logo (Colourblock),Zipper Polos,,₹ 1299
Solids: White Camo,Drop Cut T-Shirts,₹ 799,₹ 499
TSS Originals: Berry,Oversized Polos,,₹ 949
Ninja Warrior,Oversized T-Shirts,₹ 999,₹ 799
The Flash: Speedster,Oversized T-Shirts,₹ 999,₹ 699
Money Heist: Bella Ciao,T-Shirts,,₹ 749
Batman: Chase The Joker,Oversized T-Shirts,,₹ 999
Garfield: Lasagna,T-Shirts,,₹ 599
Solids: Mystery Black,Mandarin Polos,,₹ 899
ISRO: Emblem,T-Shirts,₹ 699,₹ 399
Brooklyn Nine-Nine: Hitchcock & Scully,Men Relaxed Fit T-Shirts,,₹ 699
TSS Originals: Blue Ripples,Oversized T-Shirts,,₹ 999
Solid: Grey,T-Shirts,,₹ 649
Truck Art: Superman,Oversized T-Shirts,₹ 999,₹ 649
Ed Sheeran: Flower (Ombre),T-Shirts,,₹ 699
Solids: Jade Green,Oversized T-Shirts,₹ 999,₹ 599
Harry Potter: Gryffindor Gang,Oversized T-Shirts,,₹ 999
SpongeBob: Let's Go,Oversized T-Shirts,₹ 999,₹ 799
Spider-Man: Logo,Oversized Polos,,₹ 899
TSS Originals: Here We Go Again,Oversized T-Shirts,,₹ 1199
Garfield: Comics,T-Shirts,₹ 699,₹ 549
Superman: Son of Krypton,Hooded T-Shirts,₹ 999,₹ 799
Iron Man: The Invincible,Hooded T-Shirts,,₹ 999
Superman: Alter Ego,T-Shirts,₹ 449,₹ 349
Solids: Navy (Mandarin Polo),Mandarin Polos,₹ 999,₹ 799
Iron Man: Arc Reactor,Hooded T-Shirts,,₹ 1049
TSS Originals: Souled,Oversized T-Shirts,₹ 999,₹ 749
Solids: Nude Pink,Hooded T-Shirts,₹ 999,₹ 549
Avengers: Logo,Drop Cut T-Shirts,,₹ 849
The Lion King: Hakuna Matata,T-Shirts,,₹ 699
Justice League: Logo,Drop Cut T-Shirts,,₹ 899
Solids: Smoky Grey Camo,T-Shirts,,₹ 499
Supima: TSS Since 2013,Supima T-Shirts,,₹ 999
Peanuts: Whatever,Oversized T-Shirts,₹ 999,₹ 699
Looney Tunes: Bugs Bunny,Mandarin Polos,₹ 999,₹ 699
Archie: The Gang,Oversized T-Shirts,,₹ 849
Superman: Flying High,Men Full Sleeve T-Shirts,₹ 699,₹ 499
Solids: Brick Red,Men Performance Essential T-Shirts,₹ 599,₹ 399
Iron Man: Mask,Oversized Polos,,₹ 849
Rebel Moon: Jimmy,Oversized T-Shirts,,₹ 999
Solids: Powder Blue,Oversized Polos,₹ 999,₹ 799
Captain America: The Shield,Drop Cut T-Shirts,,₹ 599
Solids: Deep Lavender,Oversized Full Sleeve T-Shirts,₹ 1199,₹ 799
Peanuts: Skate Of Mind,Oversized Full Sleeve T-Shirts,,₹ 999
TSS Originals: White Block,Oversized Polos,,₹ 999
Solids: Mauve Stripes,Men Rugby Polos,,₹ 799
The Office: Undivided Attention,T-Shirts,₹ 699,₹ 499
Naruto: Akatsuki Polo,Polos,,₹ 899
TSS Originals: Lion City,Oversized T-Shirts,,₹ 899
TSS Originals: Real Nareal,Oversized T-Shirts,₹ 999,₹ 699
Joker: World Burns,Oversized T-Shirts,,₹ 999
TSS Originals: Striped T-shirt (Blue),Men Full Sleeve T-Shirts,₹ 699,₹ 399
Rick And Morty: Outta Here,T-Shirts,,₹ 449
Brooklyn Nine-Nine: Punk,Men Relaxed Fit T-Shirts,,₹ 499
Solids: Red Camo (Active Wear),Men Performance Essential Drop Cut T-Shirts,₹ 899,₹ 699
Spider-Man: 2099,T-Shirts,,₹ 549
TSS Originals: Sage Green,Oversized Polos,,₹ 899
Minions: Hustle For Muscle,T-Shirts,₹ 699,₹ 499
Solids: Faded Purple,T-Shirts,,₹ 749
Solid: Navy Dot,Jerseys,₹ 499,₹ 299
Marvel: Avengers Assemble,Zipper Polos,,₹ 999
Captain America: Super Soldier,Hooded T-Shirts,₹ 999,₹ 699
Solids: Emerald Green,T-Shirts,,₹ 549
Rick And Morty: Szechuan,Oversized Full Sleeve T-Shirts,,₹ 999
Garfield: Silence Is Better,T-Shirts,,₹ 749
Solids: Marine Melange,T-Shirts,,₹ 449
Harry Potter: Gryffindor Pride (Vintage Wash),Mandarin Polos,,₹ 999
BGMI: Winner Winner Chicken Dinner,T-Shirts,,₹ 449
Solids: Scuba Blue Colourblock,Polos,,₹ 999
Scooby Doo: Those Meddling Kids,Oversized T-Shirts,,₹ 849
Solids: Maroon Melange Drop Cut,Drop Cut T-Shirts,,₹ 699
Tie Dye: Blue,Oversized Polos,,₹ 899
Superman: Logo (Ombre),Polos,,₹ 899
Solids: Black,Jerseys,,₹ 399
Solids: Bang Blue,T-Shirts,₹ 699,₹ 369
Popeye: Local Hero,Men Relaxed Fit T-Shirts,,₹ 699
Popeye: The Sailor Man,Men Relaxed Fit T-Shirts,₹ 799,₹ 599
Let's Hit The Road,T-Shirts,,₹ 599
Donald Duck: Happy Face,T-Shirts,,₹ 849
Wolverine: Power Unleashed,Oversized T-Shirts,,₹ 1299
Solids Step Hem T-shirt: Grey Camo,T-Shirts,,₹ 499
Solids: Dark Forest Colourblock,Men Rugby Polos,,₹ 1299
Solids: Peach Pink,T-Shirts,₹ 699,₹ 299
Avengers: Assemble,T-Shirts,,₹ 699
Money Heist: La Casa De Papel,T-Shirts,₹ 699,₹ 499
Kung Fu Panda: Warrior Business,Oversized T-Shirts,,₹ 999
Solids: Powder Blue,Hooded T-Shirts,,₹ 999
Solids Mandarin Polo: Nude Pink,Mandarin Polos,,₹ 699
TSS Originals: Anime,Oversized Full Sleeve T-Shirts,,₹ 999
Solids: Royal Blue,Jerseys,₹ 499,₹ 299
Marvel: Vintage Heroes,T-Shirts,,₹ 749
Spider-Man: Web Design,Oversized T-Shirts,,₹ 849
Superman: Classic Logo,Men Full Sleeve T-Shirts,₹ 799,₹ 549
Iron Man: The Invincible,Oversized Full Sleeve T-Shirts,,₹ 999
Solids: Off White,Hooded T-Shirts,,₹ 949
Solids Slub: Steel Grey,T-Shirts,,₹ 499
Solids: Ocean Blue,T-Shirts,,₹ 499
Solids: Navy,Jerseys,₹ 499,₹ 299
Solids: Salmon (Bomber Polo),Bomber Neck Polos,,₹ 899
Tie Dye: Psychedelic Groove,Oversized Full Sleeve T-Shirts,,₹ 999
Save the Tortoise,T-Shirts,,₹ 549
Iron Man: Signature Stark,Drop Cut T-Shirts,,₹ 599
TSS Originals: Black,T-Shirts,,₹ 449
Marvel: Maximum Carnage,Men Full Sleeve T-Shirts,₹ 899,₹ 599
Solids: Dusty Rose,Oversized T-Shirts,,₹ 799
Solids: Powder Blue,Oversized Polos,,₹ 949
Tie Dye: Stripes Polo,Polos,₹ 899,₹ 599
Black Panther: Wakanda Forever,Men Full Sleeve T-Shirts,,₹ 599
Solids: Denim Blue (Pocket),Men Relaxed Fit T-Shirts,₹ 799,₹ 499
Here For The Food,T-Shirts,,₹ 349
Solids Waffle Henley: Carter Brown,Henley T-Shirts,₹ 899,₹ 499
The Flintstones: Smile,T-Shirts,₹ 699,₹ 499
Tie Dye: Sky Storm,Polos,₹ 999,₹ 799
Justice League: Classic Logo,Oversized Full Sleeve T-Shirts,,₹ 999
The Office: Cruise Limbo,T-Shirts,,₹ 349
Superman: Power Logo,Polos,,₹ 899
TSS Originals: Crouching Tiger,Oversized Full Sleeve T-Shirts,,₹ 999
Solids: Orange,Jerseys,,₹ 399
F.R.I.E.N.D.S: Logo,Oversized Full Sleeve T-Shirts,,₹ 999
Solids: Light Yellow,T-Shirts,,₹ 349
Supima: Poppy Red,Supima T-Shirts,,₹ 999
Harry Potter: Hogwarts,Oversized Full Sleeve T-Shirts,,₹ 999
Thor: Thunder (Reflective Ink),T-Shirts,,₹ 699
Solids: Cobalt Blue,Henley T-Shirts,,₹ 599
TSS Originals: Asocial,T-Shirts,,₹ 349
Find Your Balance,T-Shirts,,₹ 449
Solids: Superhero Red,Henley T-Shirts,,₹ 699
5 Star: Legends Do Nothing,Oversized T-Shirts,,₹ 949
Kung Fu Panda: Pandya 33,Oversized T-Shirts,,₹ 949
Star Wars: Darth Vader,Oversized T-Shirts,,₹ 999
Star Wars: Bounty,T-Shirts,,₹ 649
Solids: Grindle Black,Easy Fit Full Sleeve T-Shirts,,₹ 599
DC: Aquaman,Men Full Sleeve T-Shirts,,₹ 599
TMNT: Master Splinter,T-Shirts,,₹ 599
Star Wars: Black Empire,Oversized Full Sleeve T-Shirts,,₹ 999
Mortal Kombat: Scorpion,T-Shirts,,₹ 449
Solids: Red,Henley T-Shirts,,₹ 699
Solids Mandarin Polo: Brick Red,Mandarin Polos,,₹ 899
The Office: Kevin's Chili,T-Shirts,,₹ 499
Marvel: Comics,T-Shirts,,₹ 649
Kung Fu Panda: Panda 33,Oversized T-Shirts,,₹ 1049
Solids Mandarin Polo: Sage Green (New),Mandarin Polos,,₹ 899
Superman: Logo,T-Shirts,,₹ 599
Garfield: Have A Nice Day,Easy Fit Full Sleeve T-Shirts,,₹ 499
Solids: Eggshell White,Jackets,,₹ 2199
Solids Step Hem T-shirt: Grey Melange,T-Shirts,,₹ 449
Star Wars: Dark Side,Oversized Full Sleeve T-Shirts,,₹ 999
Solids: Berry,Polos,,₹ 899
Superman: Symbol of Hope,T-Shirts,,₹ 599
Punisher: Logo,T-Shirts,,₹ 599
Naruto: Akatsuki Cloud,T-Shirts,,₹ 599
Solids: Blue & Lavender (Utility),Oversized T-Shirts,,₹ 999
Naruto: Hero,Men Relaxed Fit T-Shirts,₹ 799,₹ 599
Solids: Burgundy,T-Shirts,₹ 599,₹ 399
Johnny Bravo: Hunk Alert,Oversized T-Shirts,₹ 999,₹ 799
TSS Originals: Sab Moh Maya,T-Shirts,₹ 699,₹ 549
Solids: Navy,Jerseys,₹ 499,₹ 349
The Phantom: Graphic Print,Oversized T-Shirts,₹ 999,₹ 749
Solids Waffle Henley: Black,Henley T-Shirts,₹ 999,₹ 799
Naruto: What A Drag,Oversized Full Sleeve T-Shirts,₹ 1199,₹ 999
Supima: Poppy Red,Supima Full Sleeve Henley T-Shirts,₹ 999,₹ 799
Solids: Lemon Yellow,Oversized T-Shirts,₹ 999,₹ 699
Solids: Dark Purple,Jerseys,₹ 499,₹ 299
Solids: Mustard Yellow,Oversized T-Shirts,₹ 999,₹ 799
RRR: Ram & Bheem,T-Shirts,₹ 699,₹ 499
Solids: Nude Pink,Oversized T-Shirts,₹ 899,₹ 699
Kung Fu Panda: Dragon Warrior,Men Full Sleeve T-Shirts,₹ 799,₹ 599
Thor: The Ravagers,T-Shirts,₹ 699,₹ 499
Solids: Deep Blue,Oversized Polos,₹ 999,₹ 699
TSS Originals: Bleach Melange,T-Shirts,₹ 699,₹ 499
Solids: Salmon,Half Sleeve Henley T-Shirts,₹ 699,₹ 399
Solids: Marine Melange,Easy Fit Full Sleeve T-Shirts,₹ 899,₹ 499
Solids: Dark Blue,T-Shirts,₹ 499,₹ 299
Looney Tunes: What's Up Doc?,Mandarin Polos,₹ 999,₹ 799
Solids: Charcoal Melange,Easy Fit Full Sleeve T-Shirts,₹ 899,₹ 549
Solids: Bleach Mélange (Camo),Men Full Sleeve T-Shirts,₹ 699,₹ 399
Garfield: Face,Men Full Sleeve T-Shirts,₹ 699,₹ 399
Iron Man: Tony's Choice,Drop Cut T-Shirts,₹ 799,₹ 549
Colorblock: Twilight,Oversized Polos,₹ 999,₹ 749
Fukrey: Since 2013,Unisex T-Shirts,,₹ 599
ISRO: Symbol,T-Shirts,,₹ 449
TSS Originals: Grumpy,Oversized T-Shirts,,₹ 899
Solids: Slate Grey,Oversized T-Shirts,,₹ 799
TSS Originals: Billiard Block,Oversized Polos,,₹ 849
Daffy Duck: Chill Out,Oversized T-Shirts,,₹ 849
Chill Vibes,Oversized T-Shirts,,₹ 1049
Disney: Happy Mickey,T-Shirts,,₹ 899
The Office: Characters,T-Shirts,,₹ 599
Solids: Maroon Colourblock,Oversized Polos,,₹ 999
Solids: Peach,Oversized Full Sleeve T-Shirts,,₹ 999
Solids: Jade,Oversized Polos,,₹ 899
Colorblock: Verdent Blue,Hooded T-Shirts,,₹ 899
Avatar: Earthbender,Oversized T-Shirts,,₹ 999
RNT: E-Sports T-Shirt,T-Shirts,,₹ 449
Solids: Ocean,T-Shirts,,₹ 499
Archie: Facepalm,T-Shirts,,₹ 699
Solids: Jade Green,T-Shirts,,₹ 599
Solids: Purple,Jerseys,,₹ 399
Solids: Jade Green And White,Oversized T-Shirts,,₹ 899
TSS Originals: Sanity In A Cup,Oversized T-Shirts,,₹ 899
Supima: Burnt Sienna,Supima T-Shirts,,₹ 999
Solids: Electric Blue,Oversized Polos,,₹ 999
Garfield: Procrastination Club,T-Shirts,,₹ 799
Tie Dye: Faded Peach,T-Shirts,,₹ 549
The Office: Dwight Schrute,T-Shirts,,₹ 549
TSS Originals: Personality Dekh,T-Shirts,,₹ 499
Spider-Man: Venom Inside (Solar Activated),T-Shirts,,₹ 699
Solids: Black,Polos,,₹ 899
Minions: Strange,T-Shirts,,₹ 599
Solids: Pearl Grey,Oversized Polos,,₹ 899
Solids: Black,Hooded T-Shirts,,₹ 999
Solids: Rosewood,T-Shirts,,₹ 499
Harry Potter: Hogwarts,Oversized Polos,,₹ 999
Supima: Cool Classics (Pack of 3),Supima T-Shirts,₹ 2997,₹ 2847
Deadpool: Great Irresponsibility,Oversized T-Shirts,,₹ 999
Supima: Earthen Ensemble (Pack of 3),Supima T-Shirts,₹ 2997,₹ 2847
Ed Sheeran: Concert Tee,Oversized T-Shirts,,₹ 999
Supima: Spiced Hues (Pack of 3),Supima T-Shirts,₹ 2997,₹ 2847
Supima: Fiesta (Pack of 2),Supima T-Shirts,₹ 1998,₹ 1898
Supima: Monochrome (Pack of 2),Supima T-Shirts,₹ 1998,₹ 1898
Supima: Serene Splash (Pack of 2),Supima T-Shirts,₹ 1998,₹ 1898
