Title,MRP,SP
ONE PIECE Anime 25th Short Sleeve UT,,"1,490.00"
ONE PIECE Anime 25th Short Sleeve UT,,"1,490.00"
ONE PIECE Anime 25th Short Sleeve UT,,"1,490.00"
ONE PIECE Anime 25th Short Sleeve UT,,"1,490.00"
ONE PIECE Anime 25th Short Sleeve UT,,"1,490.00"
ONE PIECE Anime 25th Short Sleeve UT,,"1,490.00"
ONE PIECE Anime 25th Short Sleeve UT,,"1,490.00"
ONE PIECE Anime 25th Short Sleeve UT,,"1,490.00"
Pokémon Short Sleeve UT,,"1,490.00"
Pokémon Short Sleeve UT,,"1,490.00"
Pokémon Short Sleeve UT,,"1,490.00"
Pokémon Short Sleeve UT,,"1,490.00"
FINAL FANTASY UT (Short Sleeve Graphic T-Shirt),,"1,490.00"
FINAL FANTASY UT (Short Sleeve Graphic T-Shirt),,"1,490.00"
FINAL FANTASY UT (Short Sleeve Graphic T-Shirt),,"1,490.00"
FINAL FANTASY UT (Short Sleeve Graphic T-Shirt),,"1,490.00"
FINAL FANTASY UT (Short Sleeve Graphic T-Shirt),,"1,490.00"
FINAL FANTASY UT (Short Sleeve Graphic T-Shirt),,"1,490.00"
FINAL FANTASY UT (Short Sleeve Graphic T-Shirt),,"1,490.00"
Louvre x UTGP UT (Short Sleeve Graphic T-Shirt),,"1,490.00"
Louvre x UTGP UT (Short Sleeve Graphic T-Shirt),,"1,490.00"
Louvre x UTGP UT (Short Sleeve Graphic T-Shirt),,"1,490.00"
Louvre x UTGP UT (Short Sleeve Graphic T-Shirt),,"1,490.00"
Louvre x UTGP UT (Short Sleeve Graphic T-Shirt),,"1,490.00"
Edo Era Animals UT (Short Sleeve Graphic T-Shirt),,"1,490.00"
Edo Era Animals UT (Short Sleeve Graphic T-Shirt),,"1,490.00"
Edo Era Animals UT (Short Sleeve Graphic T-Shirt),,"1,490.00"
Edo Era Animals UT (Short Sleeve Graphic T-Shirt),,"1,490.00"
Edo Era Animals UT (Short Sleeve Graphic T-Shirt),,"1,490.00"
Harry Potter UT (Short Sleeve Graphic T-Shirt),,"1,490.00"
Harry Potter UT (Short Sleeve Graphic T-Shirt),,"1,490.00"
Harry Potter UT (Short Sleeve Graphic T-Shirt),,"1,490.00"
Harry Potter UT (Short Sleeve Graphic T-Shirt),,"1,490.00"
Harry Potter UT (Short Sleeve Graphic T-Shirt),,"1,490.00"
Harry Potter UT (Short Sleeve Graphic T-Shirt),,"1,490.00"
Star Wars: Return of the Jedi UT (Short Sleeve Graphic T-Shirt),,"1,490.00"
Star Wars: The Empire Strikes Back UT (Short Sleeve Graphic T-Shirt),,"1,490.00"
Star Wars: Return of the Jedi UT (Short Sleeve Graphic T-Shirt),,"1,490.00"
Star Wars: The Empire Strikes Back UT (Short Sleeve Graphic T-Shirt),,"1,490.00"
Star Wars: A New Hope UT (Short Sleeve Graphic T-Shirt),,"1,490.00"
Star Wars: The Phantom Menace UT (Short Sleeve Graphic T-Shirt),,"1,490.00"
Mickey Stands UT (Short Sleeve Graphic T-Shirt),,"1,490.00"
Mickey Stands UT (Short Sleeve Graphic T-Shirt),,"1,490.00"
Mickey Stands UT (Short Sleeve Graphic T-Shirt),,"1,490.00"
PEANUTS You Can Be Anything! UT (Short Sleeve Graphic T-Shirt),,"1,490.00"
PEANUTS You Can Be Anything! UT (Short Sleeve Graphic T-Shirt),,"1,490.00"
PEANUTS You Can Be Anything! UT (Short Sleeve Graphic T-Shirt),,"1,490.00"
Peanuts UT (Short Sleeve Graphic T-Shirt),,"1,490.00"
Hokusai UT (Short Sleeve Graphic T-Shirt),,"1,490.00"
Louvre x UTGP UT (Short Sleeve Graphic T-Shirt),,"1,490.00"
NY POP ART Archive UT (Short Sleeve Graphic T-Shirt),,"1,490.00"
NY POP ART Archive UT (Short Sleeve Graphic T-Shirt),,"1,490.00"
NY POP ART Archive UT (Short Sleeve Graphic T-Shirt),,"1,490.00"
NY POP ART Archive UT (Short Sleeve Graphic T-Shirt),,"1,490.00"
NY POP ART Archive UT (Short Sleeve Graphic T-Shirt) (Keith Haring),,"1,490.00"
NY POP ART Archive UT (Short Sleeve Graphic T-Shirt) (Keith Haring),,"1,490.00"
NY POP ART Archive UT (Short Sleeve Graphic T-Shirt) (Keith Haring),,"1,490.00"
NY POP ART Archive UT (Short Sleeve Graphic T-Shirt) (Basquiat),,"1,490.00"
NY POP ART Archive UT (Short Sleeve Graphic T-Shirt) (Andy Warhol),,"1,490.00"
NY POP ART Archive UT (Short Sleeve Graphic T-Shirt),,"1,490.00"
Basquiat Ut Archive UT (Short Sleeve Graphic T-Shirt),,"1,490.00"
Ukiyoe Archive UT (Short Sleeve Graphic T-Shirt),,"1,490.00"
Ukiyoe Archive UT (Short Sleeve Graphic T-Shirt),,"1,490.00"
Ukiyoe Archive UT (Short Sleeve Graphic T-Shirt),,"1,490.00"
Ukiyoe Archive UT (Short Sleeve Graphic T-Shirt),,"1,490.00"
Ukiyoe Archive UT (Short Sleeve Graphic T-Shirt),,"1,490.00"
Ukiyoe Archive UT (Short Sleeve Graphic T-Shirt),,"1,490.00"
Ukiyoe Archive UT (Short Sleeve Graphic T-Shirt),,"1,490.00"
Mickey Stands UT (Short Sleeve Graphic T-Shirt),,"1,490.00"
Mickey Stands UT (Short Sleeve Graphic T-Shirt),,"1,490.00"
Mickey Stands UT (Short Sleeve Graphic T-Shirt),,"1,490.00"
Mickey Stands UT (Short Sleeve Graphic T-Shirt),,"1,490.00"
Unsodo Open Collar Shirt Short Sleeve,,"2,490.00"
Unsodo Open Collar Shirt Short Sleeve,,"2,490.00"
Open Collar Shirt Short Sleeve,,"2,490.00"
Mickey Stands (Short Sleeve Graphic T-Shirt),,"1,490.00"
Mickey Stands UT (Short Sleeve Graphic T-Shirt),,"1,490.00"
Mickey Stands UT (Short Sleeve Graphic T-Shirt),,"1,490.00"
Mickey Stands UT (Short Sleeve Graphic T-Shirt),,"1,490.00"
Mickey Stands UT (Short Sleeve Graphic T-Shirt),,"1,490.00"
Mickey Stands UT (Short Sleeve Graphic T-Shirt),,"1,490.00"
OSHI NO KO (Short Sleeve Graphic T-Shirt),"1,490.00",990.00
OSHI NO KO (Short Sleeve Graphic T-Shirt),"1,490.00",990.00
OSHI NO KO (Short Sleeve Graphic T-Shirt),"1,490.00",990.00
OSHI NO KO (Short Sleeve Graphic T-Shirt),"1,490.00",990.00
OSHI NO KO (Short Sleeve Graphic T-Shirt),"1,490.00",990.00
The Legend of Zelda UT (Short Sleeve Graphic T-Shirt),"1,490.00",990.00
The Legend of Zelda UT (Short Sleeve Graphic T-Shirt),"1,490.00",990.00
The Legend of Zelda UT (Short Sleeve Graphic T-Shirt),"1,490.00",990.00
The Legend of Zelda UT (Short Sleeve Graphic T-Shirt),"1,490.00",990.00
The Legend of Zelda UT (Short Sleeve Graphic T-Shirt),"1,490.00",990.00
The Legend of Zelda UT (Short Sleeve Graphic T-Shirt),"1,490.00",990.00
Kaiju No.8 UT (Short Sleeve Graphic T-Shirt),"1,490.00",990.00
Kaiju No.8 UT (Short Sleeve Graphic T-Shirt),"1,490.00",990.00
Kaiju No.8 UT (Short Sleeve Graphic T-Shirt),"1,490.00",990.00
Kaiju No.8 UT (Short Sleeve Graphic T-Shirt),"1,490.00",990.00
Kaiju No.8 UT (Short Sleeve Graphic T-Shirt),"1,490.00",990.00
Kaiju No.8 UT (Short Sleeve Graphic T-Shirt),"1,490.00",990.00
CAPCOM 40th UT (Short Sleeve Graphic T-Shirt),"1,490.00",990.00
CAPCOM 40th UT (Short Sleeve Graphic T-Shirt),"1,490.00",990.00
CAPCOM 40th UT (Short Sleeve Graphic T-Shirt),"1,490.00",990.00
CAPCOM 40th UT (Short Sleeve Graphic T-Shirt),"1,490.00",990.00
CAPCOM 40th UT (Short Sleeve Graphic T-Shirt),"1,490.00",990.00
CAPCOM 40th UT (Short Sleeve Graphic T-Shirt),"1,490.00",990.00
CAPCOM 40th UT (Short Sleeve Graphic T-Shirt),"1,490.00",990.00
MoMA Art Icons UT (Short Sleeve Graphic T-Shirt),"1,490.00",990.00
MoMA Art Icons UT (Short Sleeve Graphic T-Shirt),"1,490.00",990.00
MoMA Art Icons UT (Short Sleeve Graphic T-Shirt),"1,490.00",990.00
Detective Conan (Case Closed) UT (Short Sleeve Graphic T-Shirt),"1,490.00",990.00
Detective Conan (Case Closed) UT (Short Sleeve Graphic T-Shirt),"1,490.00",990.00
Detective Conan (Case Closed) UT (Short Sleeve Graphic T-Shirt),"1,490.00",990.00
Detective Conan (Case Closed) UT (Short Sleeve Graphic T-Shirt),"1,490.00",790.00
Detective Conan (Case Closed) UT (Short Sleeve Graphic T-Shirt),"1,490.00",990.00
Detective Conan (Case Closed) UT (Short Sleeve Graphic T-Shirt),"1,490.00",990.00
Fujio 90th Anniversary UT (Short Sleeve Graphic T-Shirt),"1,490.00",990.00
Fujio 90th Anniversary UT (Short Sleeve Graphic T-Shirt),"1,490.00",990.00
Fujio 90th Anniversary UT (Short Sleeve Graphic T-Shirt),"1,490.00",990.00
Basquiat King Pleasure UT (Short Sleeve Graphic T-Shirt),"1,490.00",990.00
Basquiat King Pleasure UT (Short Sleeve Graphic T-Shirt),"1,490.00",990.00
Basquiat King Pleasure UT (Short Sleeve Graphic T-Shirt),"1,490.00",990.00
Basquiat King Pleasure UT (Short Sleeve Graphic T-Shirt),"1,490.00",990.00
HAIKYU!! UT (Short Sleeve Graphic T-Shirt),"1,490.00",990.00
HAIKYU!! UT (Short Sleeve Graphic T-Shirt),"1,490.00",990.00
Tate Gallery UT (Short Sleeve Graphic T-Shirt),"1,490.00",990.00
The SAKE Collection UT (Short Sleeve Graphic T-Shirt),"1,490.00",990.00
The SAKE Collection UT (Short Sleeve Graphic T-Shirt),"1,490.00",990.00
The SAKE Collection UT (Short Sleeve Graphic T-Shirt),"1,490.00",990.00
The SAKE Collection UT (Short Sleeve Graphic T-Shirt),"1,490.00",990.00
The SAKE Collection UT (Short Sleeve Graphic T-Shirt),"1,490.00",990.00
Andy Warhol Collage UT Graphic T-Shirt (Short Sleeve Graphic T-Shirt),"1,490.00",990.00
Andy Warhol Collage UT Graphic T-Shirt (Short Sleeve Graphic T-Shirt),"1,490.00",990.00
Mickey Stands UT (Short Sleeve Graphic T-Shirt),"1,490.00",990.00
Disney Vintage Poster Collection UT (Short Sleeve Graphic T-Shirt),"1,490.00",990.00
Disney Vintage Poster Collection UT (Short Sleeve Graphic T-Shirt),"1,490.00",990.00
METAL GEAR Archive UT (Short Sleeve Graphic T-Shirt),"1,490.00",990.00
Fighting Game Legends UT (Short Sleeve Graphic T-Shirt),"1,490.00",790.00
Fighting Game Legends UT (Short Sleeve Graphic T-Shirt),"1,490.00",790.00
PEANUTS You Can Be Anything! UT (Short Sleeve Graphic T-Shirt),"1,490.00",990.00
PEANUTS You Can Be Anything! UT (Short Sleeve Graphic T-Shirt),"1,490.00",990.00
PEANUTS You Can Be Anything! UT (Short Sleeve Graphic T-Shirt),"1,490.00",990.00
Keith Haring Subway Drawings UT (Short-Sleeve Graphic T-Shirt),"1,490.00",790.00
Hokusai UT (Short Sleeve Graphic T-Shirt),"1,490.00",990.00
Hokusai UT (Short Sleeve Graphic T-Shirt),"1,490.00",990.00
Hokusai UT (Short Sleeve Graphic T-Shirt),"1,490.00",990.00
Hokusai UT (Short Sleeve Graphic T-Shirt),"1,490.00",990.00
KAWS UT (Short Sleeve Graphic T-Shirt),"1,490.00",990.00
KAWS UT (Short Sleeve Graphic T-Shirt),"1,490.00",990.00
KAWS UT (Short Sleeve Graphic T-Shirt),"1,490.00",990.00
NY POP ART Archive UT (Short Sleeve Graphic T-Shirt) (Andy Warhol),"1,490.00",590.00
NY POP ART Archive UT (Short Sleeve Graphic T-Shirt) (Andy Warhol),"1,490.00",990.00
Jean-Michel Basquiat Archive UT (Short Sleeve Graphic T-Shirt),"1,490.00",990.00
