"fr-user-review-header-title","fr-user-review-date","fr-implicit","fr-implicit 2","fr-definition-list-term","fr-definition-list-term 2","fr-definition-list-description 2","fr-user-review-comment","fr-user-review-author","user-info","user-info 2","user-info 3","user-info 4","user-info 5"
"","","","","","","","","","","","","",""
"BEST TSHIRT","01/08/2024","5 out of 5 stars","review star","Purchased size","How it fits","True to size","One of the best Tshirt i have ever bought I have 5 colours in them","Abhishek Jain","Â·â€‚Male","Â·â€‚20 to 24 years","Â·â€‚Height: 181 - 185cm","Â·â€‚Weight: 71 - 75kg","Â·â€‚Shoe size: EU40"
"The quality had degraded from last few years still it is best in the segment","30/07/2024","5 out of 5 stars","review star","Purchased size","How it fits","True to size","I am using UNIQLO since long time earlier it's quality was too good but from last 2 years the quality had degraded but still it's best in the market.","Karan","Â·â€‚Male","Â·â€‚20 to 24 years","Â·â€‚Height: 186 - 190cm","Â·â€‚Weight: 86 - 90kg","Â·â€‚Shoe size: EU45"
"Best t shirt for summer","30/07/2024","4 out of 5 stars","review star","Purchased size","How it fits","True to size","Bought 5 of these T-shirts. Best for summer and great fit.","-","Â·â€‚Male","Â·â€‚Height: 181 - 185cm","Â·â€‚Haryana","",""
"Bought 2 different colors","30/07/2024","5 out of 5 stars","review star","Purchased size","How it fits","True to size","I had never been much fan of Uniqlo, until I bought this. In first instance, I bought a navy blue color just because the product was on sale. But the product fit in L size was just fantastic. I was appreciated by people and hence which I bought another beige color same over sized T-shirt. The quality and stuff used feels very premium as well. Highly recommend the product.","-","Â·â€‚Male","Â·â€‚25 to 34 years","Â·â€‚Height: 186 - 190cm","Â·â€‚Weight: 91kg or over","Â·â€‚Shoe size: EU40"
"Amazing fit","30/07/2024","5 out of 5 stars","review star","Purchased size","How it fits","True to size","This one fits perfectly and it looks really aesthetic and made me look younger
I lostt this one in one of the trips but I reordered the same one because I didn't want to miss this quality product in my wardrobe","-","Â·â€‚Male","Â·â€‚25 to 34 years","Â·â€‚Height: 186 - 190cm","Â·â€‚Weight: 91kg or over","Â·â€‚Shoe size: EU44"
"awesome quality and feel","30/07/2024","5 out of 5 stars","review star","Purchased size","How it fits","True to size","feels so comfortable and airy , material feels premium and doesnâ€™t fade after a few washes. instant favourite","S2000","Â·â€‚Male","Â·â€‚20 to 24 years","Â·â€‚Height: 186 - 190cm","Â·â€‚Weight: 61 - 65kg","Â·â€‚Shoe size: EU44"
"Shrinkage issue","29/07/2024","1 out of 5 stars","review star","Purchased size","How it fits","True to size","The product ordered came true to size but after 1 to 2 wash it got shrink , and it is easily visible in comparison to a same product but of different color that I ordered","-","Â·â€‚Male","Â·â€‚25 to 34 years","Â·â€‚Height: 176 - 180cm","Â·â€‚Weight: 56 - 60kg","Â·â€‚Shoe size: EU42"
"Uniqlo oversized airsim tshirt","26/07/2024","5 out of 5 stars","review star","Purchased size","How it fits","True to size","Absolute class. The fit is perfect and the quality of fabric is awesome","-","Â·â€‚Male","Â·â€‚25 to 34 years","Â·â€‚Height: 161 - 165cm","Â·â€‚Weight: 61 - 65kg","Â·â€‚Shoe size: EU42"
"Good purcahse","23/07/2024","5 out of 5 stars","review star","Purchased size","How it fits","A bit loose","You should go for a size big if you like loose fitted t shirts otherwise it is true to its size","-","Â·â€‚Female","Â·â€‚20 to 24 years","Â·â€‚Height: 161 - 165cm","Â·â€‚Weight: 71 - 75kg","Â·â€‚Shoe size: EU41"
"Must-have tees","22/07/2024","5 out of 5 stars","review star","Purchased size","How it fits","A bit loose","The most comfortable tees. Donâ€™t need to say anything more. Size down for a better fit.","-","Â·â€‚Male","Â·â€‚35 to 44 years","Â·â€‚Height: 161 - 165cm","Â·â€‚Weight: 66 - 70kg","Â·â€‚Karnataka"
"I bit short on length on body length for a oversized t","20/07/2024","3 out of 5 stars","review star","Purchased size","How it fits","A bit tight","I purchase it for myself but th size s turn out to be a bit short on body length of the shirt it fits me like a normal tee but hey it's not that all bad I will give to my sister BTW the t shirt feel nice when I wear so I will order larger size like XL I think that will be fit me the best like as an oversized t shirt should be#live and learn","-","Â·â€‚Male","Â·â€‚20 to 24 years","Â·â€‚Height: 176 - 180cm","Â·â€‚Weight: 71 - 75kg","Â·â€‚Nagaland"
"Perfect t-shirt for summers","19/07/2024","5 out of 5 stars","review star","Purchased size","How it fits","True to size","There's a reason why airism is so popular. The quality is great, the shirt fits like a dream. I love how it's not see through.","-","Â·â€‚Female","Â·â€‚Delhi","","",""
"Amazing basic tee !!","17/07/2024","5 out of 5 stars","review star","Purchased size","How it fits","True to size","If you're looking for a reliable wardrobe staple that will keep you comfortable in India's varying climates, I highly recommend giving the Uniqlo Airism Crew Neck T-Shirt a try.","-","Â·â€‚Male","Â·â€‚25 to 34 years","Â·â€‚Height: 171 - 175cm","Â·â€‚Weight: 76 - 80kg","Â·â€‚Karnataka"
"Great Fit","15/07/2024","5 out of 5 stars","review star","Purchased size","How it fits","True to size","Great fit and stuff. Value for money product.","-","Â·â€‚Male","Â·â€‚25 to 34 years","Â·â€‚Height: 171 - 175cm","Â·â€‚Weight: 86 - 90kg","Â·â€‚Haryana"
"Shrinks","11/07/2024","4 out of 5 stars","review star","Purchased size","How it fits","True to size","Shrinks little bit after machine wash need to take gentle care","Tg16","Â·â€‚Male","Â·â€‚20 to 24 years","Â·â€‚Height: 166 - 170cm","Â·â€‚Weight: 61 - 65kg","Â·â€‚Haryana"
"The best oversize tee","11/07/2024","5 out of 5 stars","review star","Purchased size","How it fits","True to size","This is the best over sized tee out there. Great fabric and easy care.","Soso","Â·â€‚Male","Â·â€‚25 to 34 years","Â·â€‚Height: 181 - 185cm","Â·â€‚Weight: 56 - 60kg","Â·â€‚Maharashtra"
"Only brand thats tops the list in case of perfect sizing","10/07/2024","5 out of 5 stars","review star","Purchased size","How it fits","True to size","Have tried many brands over the past couple of months but have never found something unique like uniqlo. Once you are into uniqlo, you cant go back. A must try brand. Thanks for this quality and service uniqlo!ğŸ™ğŸ»","-","Â·â€‚Male","Â·â€‚20 to 24 years","Â·â€‚Height: 156 - 160cm","Â·â€‚Weight: 56 - 60kg","Â·â€‚Delhi"
"Comfortable","10/07/2024","5 out of 5 stars","review star","Purchased size","How it fits","True to size","Bought it for my boyfriend and it looks stylish and comfy","-","Â·â€‚Male","Â·â€‚25 to 34 years","Â·â€‚Height: 171 - 175cm","Â·â€‚Delhi",""
"Ultimate comfort alert!","08/07/2024","5 out of 5 stars","review star","Purchased size","How it fits","True to size","This oversized t-shirt is literally the most comfortable thing I've ever worn. It's like wearing a cloud - soft, cozy and relaxed. The material is breathable and lightweight.

It's just the right amount of slouchy. And the best part? It's versatile enough;  I've worn it with trousers, jeans, and even shorts - it's a total wardrobe chameleon.

The quality is top-notch too - the fabric is durable and doesn't shrink or lose its shape. Overall, I'm obsessed with this oversized t-shirt. It's my new go-to for everyday wear. Be it going to the gym or stepping out for a get together.","Ajoe","Â·â€‚Male","Â·â€‚25 to 34 years","Â·â€‚Height: 171 - 175cm","Â·â€‚Weight: 71 - 75kg","Â·â€‚Delhi"
"Heavyweight GSM","07/07/2024","5 out of 5 stars","review star","Purchased size","How it fits","True to size","Iâ€™m always looking for T-shirts that can hold their own, and wonâ€™t stick to your skin in the humidity. Apart from the excellent quality fabric, the colours are great! Hope Uniqlo comes up with more interesting colours soon!","-","Â·â€‚Female","Â·â€‚25 to 34 years","Â·â€‚Height: 171 - 175cm","Â·â€‚Weight: 71 - 75kg","Â·â€‚Chandigarh"
"Korean style Oversized tshirt","06/07/2024","5 out of 5 stars","review star","Purchased size","How it fits","True to size","Fit - its amazing if you have average built ! Am 173cm, and it comes little below my waist (the length wont disappoint you) Length of the sleeves will come till just little above tour elbow, giving a proper Korean style Oversized look

Color - Little dark than what you will expect, but itâ€™s gorgeous! 
Fabric - super soft and comfortable !","Shivam","Â·â€‚Male","Â·â€‚25 to 34 years","Â·â€‚Height: 171 - 175cm","Â·â€‚Weight: 66 - 70kg","Â·â€‚Haryana"
"GOATED TEE!","03/07/2024","5 out of 5 stars","review star","Purchased size","How it fits","True to size","The only everyday tee I ever needed. Best fitting oversize tee Iâ€™ve bought ever, the fabric is so soft and so breathable - perfect for summers without compromising on the style end!","Sidhu","Â·â€‚Male","Â·â€‚20 to 24 years","Â·â€‚Height: 176 - 180cm","Â·â€‚Weight: 71 - 75kg","Â·â€‚Delhi"
"Excellent quality shirt","02/07/2024","5 out of 5 stars","review star","Purchased size","How it fits","True to size","I always wanted to wear an oversized tshirt and see how it looks on me...I purchased because Japanese would never disappoint...and the shirt is superb quality...I love how the red color looks I would keep with Uniqlo because they supply quality clothing at affordable prices... And I love Japan...kudos","Dheeraj","Â·â€‚Male","Â·â€‚25 to 34 years","Â·â€‚Height: 181 - 185cm","Â·â€‚Weight: 71 - 75kg","Â·â€‚Telangana"
"Wear it to believe it","01/07/2024","5 out of 5 stars","review star","Purchased size","How it fits","True to size","Iâ€™ve bought the airism in almost all colours and this has to be the most comfortable t-shirt Iâ€™ve worn. You have to wear it once and trust me youâ€™ll never go back.","-","Â·â€‚Male","Â·â€‚25 to 34 years","Â·â€‚Height: 166 - 170cm","Â·â€‚Weight: 51 - 55kg","Â·â€‚Maharashtra"
"Excellent oversized tshirt","01/07/2024","5 out of 5 stars","review star","Purchased size","How it fits","True to size","Supremely comfortable tshirt which is extremely stylish.","Vibo","Â·â€‚Male","Â·â€‚Maharashtra","","",""
"Perfect at every level possible","01/07/2024","5 out of 5 stars","review star","Purchased size","How it fits","True to size","Being a mix of both cotton and polyester,  fabric is more on the thicker side compared to a normal regular tshirt but its is very much breathable due to it being an AIRism product. Fit is exceptional. Zero complaints.","BaKaa","Â·â€‚Male","Â·â€‚Delhi","","",""
"comfortable fit and fabric","01/07/2024","4 out of 5 stars","review star","Purchased size","How it fits","True to size","very comfortable fabric feels cool to the skin and should last long. washed twice and no fading or stretching. the relaxed fit and long sleeves look stylish. must have basics","happy","Â·â€‚Male","Â·â€‚35 to 44 years","Â·â€‚Height: 166 - 170cm","Â·â€‚Weight: 76 - 80kg","Â·â€‚Sikkim"
"Excellent Material and Fit","30/06/2024","5 out of 5 stars","review star","Purchased size","How it fits","True to size","The material and fit is perfect along with the Color options. Pricing is good for the material being used.","-","Â·â€‚Male","Â·â€‚35 to 44 years","Â·â€‚Height: 176 - 180cm","Â·â€‚Weight: 91kg or over","Â·â€‚Haryana"
"Perfect Fit, Breathable Fabric and Versatile Style","30/06/2024","5 out of 5 stars","review star","Purchased size","How it fits","A bit loose","I wear a size L, and it fits perfectly. The size is just rightâ€”not too tight and not too loose. Even though I'm a bit on the heavier side, it feels perfect on my body, subtly shaping without being too revealing.

The fabric is the best I have ever worn. It's incredibly airy, so I don't sweat much, even on hot days. The material is super comfortable and feels great against the skin.

What I love most about this product is how well it pairs with all the pants I own. It's versatile, stylish, and perfect for everyday wear.","-","Â·â€‚Male","Â·â€‚15 to 19 years","Â·â€‚Height: 176 - 180cm","Â·â€‚Weight: 76 - 80kg","Â·â€‚Delhi"
"Very good fiiting , excellect quality material and nice stitch","29/06/2024","5 out of 5 stars","review star","Purchased size","How it fits","True to size","I am very happy to shop from Uniqlo , all your matrial is of high quality and the stitching is accurate and no treads hanging around.","-","Â·â€‚Male","Â·â€‚55 to 64 years","Â·â€‚Height: 166 - 170cm","Â·â€‚Weight: 91kg or over","Â·â€‚Maharashtra"
"Returned","28/06/2024","4 out of 5 stars","review star","Purchased size","How it fits","True to size","I returned the shirts as I am unable to wear thicker fabrics or synthetics in the tropics.","-","Â·â€‚Male","Â·â€‚45 to 54 years","Â·â€‚Height: 171 - 175cm","Â·â€‚Weight: 71 - 75kg","Â·â€‚Maharashtra"
"Good quality tees","27/06/2024","5 out of 5 stars","review star","Purchased size","How it fits","True to size","Good quality tees, fits well.
The material is so soft to wear.","KARTHIKKUMAR","Â·â€‚Male","Â·â€‚35 to 44 years","Â·â€‚Height: 166 - 170cm","Â·â€‚Weight: 71 - 75kg","Â·â€‚Karnataka"
"Perfect fit in size S.Supercomfortable,breathable fabric.Ideal for everyday wear.Highly recommended","27/06/2024","5 out of 5 stars","review star","Purchased size","How it fits","True to size","the white AIRism T-shirt combines a great fit, exceptional comfort, and high-quality fabric. Itâ€™s a fantastic addition to my wardrobe, and I highly recommend it to anyone looking for a reliable and comfortable everyday T-shirt.","-","Â·â€‚Male","Â·â€‚15 to 19 years","Â·â€‚Height: 181 - 185cm","Â·â€‚Weight: 61 - 65kg","Â·â€‚Karnataka"
"Best Tee","26/06/2024","5 out of 5 stars","review star","Purchased size","How it fits","True to size","It fits perfectly. This has to be the best Tshirt I bought in recent days.","Deva","Â·â€‚Male","Â·â€‚20 to 24 years","Â·â€‚Weight: 66 - 70kg","Â·â€‚Andhra Pradesh",""
"Best for summer","25/06/2024","5 out of 5 stars","review star","Purchased size","How it fits","True to size","Its my go to tee for summer.. its stylish comfortable and i iust love it","Violet","Â·â€‚Male","Â·â€‚20 to 24 years","Â·â€‚Height: 176 - 180cm","Â·â€‚Weight: 81 - 85kg","Â·â€‚Manipur"
"Best fit","25/06/2024","5 out of 5 stars","review star","Purchased size","How it fits","True to size","This is my Go to T Shirt .the fit , fabric and the simple design is what make it stylish and comfortable. It's a must buy product","-","Â·â€‚Male","Â·â€‚35 to 44 years","Â·â€‚Height: 171 - 175cm","Â·â€‚Weight: 71 - 75kg","Â·â€‚Jammu and Kashmir"
"Comfortable and cool","25/06/2024","5 out of 5 stars","review star","Purchased size","How it fits","True to size","Iâ€™m one of those people who buys this tshirt almost every year. Love the quality, love the brand. Uniqlo is the best for basics!","Vman","Â·â€‚Male","Â·â€‚25 to 34 years","Â·â€‚Height: 186 - 190cm","Â·â€‚Weight: 81 - 85kg","Â·â€‚Delhi"
"A match made in heaven (me & my Uniqlo tshirt)","25/06/2024","4 out of 5 stars","review star","Purchased size","How it fits","True to size","Too good to be true, want this experience to never end with such a brand that resonates with quality & perfection.","Navi","Â·â€‚Male","Â·â€‚25 to 34 years","Â·â€‚Height: 166 - 170cm","Â·â€‚Weight: 71 - 75kg","Â·â€‚Haryana"
"Comfortable and Stylish Oversized T-Shirt","23/06/2024","5 out of 5 stars","review star","Purchased size","How it fits","True to size","Iâ€™m really pleased with the AIRism Cotton Crew Neck Half Sleeve Oversized T-Shirt from Uniqlo. The fabric is soft and breathable, making it very comfortable to wear. The oversized fit looks stylish and is perfect for a relaxed, casual look. It holds up well after washing without losing its shape. A great addition to my wardrobe.","Kushal","Â·â€‚Male","Â·â€‚35 to 44 years","Â·â€‚Height: 176 - 180cm","Â·â€‚Weight: 76 - 80kg","Â·â€‚Karnataka"
"Excellent","22/06/2024","5 out of 5 stars","review star","Purchased size","How it fits","True to size","Airsm cotton one of the best clothing material. Tshirt quality excellent as always.. Will buy more colours!!","-","Â·â€‚Male","Â·â€‚45 to 54 years","Â·â€‚Height: 171 - 175cm","Â·â€‚Weight: 66 - 70kg","Â·â€‚Maharashtra"
"New Favourite","22/06/2024","5 out of 5 stars","review star","Purchased size","How it fits","Tight","It is my new favorite! It's incredibly comfortable & perfect for the summer.","-","Â·â€‚Male","Â·â€‚25 to 34 years","Â·â€‚Height: 176 - 180cm","Â·â€‚Weight: 76 - 80kg","Â·â€‚Gujarat"
"Best oversized tee","22/06/2024","5 out of 5 stars","review star","Purchased size","How it fits","True to size","I bought this recently from my nearest uniqlo store after seeing it in YouTube video of a creator. And I am so happy with my purchase I dont regret a single bit from buying this t-shirt. This is the perfect oversized t-shirt you can get that too at this price!! I can assure you that you will the quality, the fit and the simplicity of this tee. It falls beautifully on your body and the drop shoulder is perfect too.Definitely a must buy if you are looking for a perfect oversized tee :)","-","Â·â€‚Male","Â·â€‚15 to 19 years","Â·â€‚Height: 181 - 185cm","Â·â€‚Weight: 56 - 60kg","Â·â€‚Maharashtra"
"The best white tee!","21/06/2024","5 out of 5 stars","review star","Purchased size","How it fits","True to size","It's no doubt the best white tee available with the perfect blend of quality materials and fair pricing. 

My go to white tee!","-","Â·â€‚Male","Â·â€‚20 to 24 years","Â·â€‚Height: 181 - 185cm","Â·â€‚Weight: 71 - 75kg","Â·â€‚Karnataka"
"Comfort at its best","21/06/2024","5 out of 5 stars","review star","Purchased size","How it fits","True to size","The tshirt flows perfectly on your body and the material is very breathable as well as soft. It is clearly my favourite tshirt.","YJ10717","Â·â€‚Male","Â·â€‚15 to 19 years","Â·â€‚Height: 111 - 120cm","Â·â€‚Weight: 56 - 60kg","Â·â€‚Maharashtra"
"Comfortable","20/06/2024","5 out of 5 stars","review star","Purchased size","How it fits","True to size","The quality of the t shirt is very premium & it has a soft feel to it","Softy","Â·â€‚Male","Â·â€‚15 to 19 years","Â·â€‚Height: 156 - 160cm","Â·â€‚Weight: 46 - 50kg","Â·â€‚Maharashtra"
"Over size tee","20/06/2024","5 out of 5 stars","review star","Purchased size","How it fits","True to size","Perfect over sized T shirt goes well on jeans easy washing too. Could be better priced but good quality.","-","Â·â€‚Male","Â·â€‚25 to 34 years","Â·â€‚Height: 176 - 180cm","Â·â€‚Weight: 91kg or over","Â·â€‚Karnataka"
"Fits perfectly and has a premium material","19/06/2024","5 out of 5 stars","review star","Purchased size","How it fits","True to size","I ordered size M and it fits my body perfectly and has a very premium feel to it","Ankit","Â·â€‚Male","Â·â€‚20 to 24 years","Â·â€‚Height: 171 - 175cm","Â·â€‚Weight: 71 - 75kg","Â·â€‚Haryana"
"Amazing Product","18/06/2024","5 out of 5 stars","review star","Purchased size","How it fits","True to size","I wear size S and it fits me perfectly. The fabric of this product is very soft. Itâ€™s my everyday tshirt.","-","Â·â€‚Female","Â·â€‚20 to 24 years","Â·â€‚Height: 161 - 165cm","Â·â€‚Weight: 56 - 60kg","Â·â€‚Haryana"
"Best white tee","18/06/2024","5 out of 5 stars","review star","Purchased size","How it fits","True to size","I've been a white tee fanatic for a really long time , tried lots of other brands but nothing compares to this one","-","Â·â€‚Male","Â·â€‚20 to 24 years","Â·â€‚Height: 171 - 175cm","Â·â€‚Weight: 61 - 65kg","Â·â€‚Delhi"
"Best oversized tshirt in the market","17/06/2024","5 out of 5 stars","review star","Purchased size","How it fits","True to size","I wear size S but I ordered L because I've broad shoulders and the tshirts shrinks a little, don't dry it in direct sunlight or it'll shrink more","Yooo","Â·â€‚Male","Â·â€‚15 to 19 years","Â·â€‚Height: 166 - 170cm","Â·â€‚Weight: 56 - 60kg","Â·â€‚Madhya Pradesh"
"Super !!","17/06/2024","5 out of 5 stars","review star","Purchased size","How it fits","True to size","This is a t shirt you can wear anywhere. The material is neither too thin nor too thick. The fit is so true you don't notice you are wearing it. I didn't sweat in it.","rrrr","Â·â€‚Male","Â·â€‚35 to 44 years","Â·â€‚Height: 171 - 175cm","Â·â€‚Weight: 61 - 65kg","Â·â€‚Andhra Pradesh"
"Really good value and comfort","17/06/2024","5 out of 5 stars","review star","Purchased size","How it fits","True to size","Based on multiple reviews I always wanted to buy one and see what all the hype was about and I am really happy that it lives up to the experience. The fabric is comfortable, even the white tee is perfectly opaque and handles washes and wrinkles very well. Since the fabric is 47% polyester I think it will last you a very long time. It's a good buy at its regular price but during sales it's an absolute steal deal. Also the fit is really true to the size details, I think I went slightly loose based on some feedback. But size chart is the way to go.","LXC_06","Â·â€‚Male","Â·â€‚25 to 34 years","Â·â€‚Height: 176 - 180cm","Â·â€‚Weight: 81 - 85kg","Â·â€‚Karnataka"
"Warm for summer","16/06/2024","3 out of 5 stars","review star","Purchased size","How it fits","True to size","The fit is on the larger site . And the material is warm . Mumbai can be humid and I have not been able to wear it for outing  because it felt warm and not nice ğŸ˜•","Rain","Â·â€‚Female","Â·â€‚35 to 44 years","Â·â€‚Height: 141 - 150cm","Â·â€‚Weight: 41 - 45kg","Â·â€‚Maharashtra"
"Perfect fit","16/06/2024","5 out of 5 stars","review star","Purchased size","How it fits","True to size","Quality of the AIRism shirt is worth the price! Go for it","Redwine","Â·â€‚Male","Â·â€‚25 to 34 years","Â·â€‚Height: 166 - 170cm","Â·â€‚Weight: 61 - 65kg","Â·â€‚Kerala"
"Best T-shirt","16/06/2024","4 out of 5 stars","review star","Purchased size","How it fits","True to size","This T-shirt is one of the best T-shirts I have bought so far in my life and cotton feels good too.","-","Â·â€‚Male","Â·â€‚35 to 44 years","Â·â€‚Height: 166 - 170cm","Â·â€‚Weight: 66 - 70kg","Â·â€‚Maharashtra"
"The comfiest.","15/06/2024","5 out of 5 stars","review star","Purchased size","How it fits","True to size","Uniqlo airism tees are the best in class. They are light, stylish, yet breathable. One can wear them anywhere they want to. Best allrounder tee ever.","-","Â·â€‚Male","Â·â€‚20 to 24 years","Â·â€‚Height: 176 - 180cm","Â·â€‚Weight: 61 - 65kg","Â·â€‚Chandigarh"
"Nice breathable cloth with perfect sizing","14/06/2024","5 out of 5 stars","review star","Purchased size","How it fits","True to size","Have been wearing this t shirt all summer, the cloth is really really good. It doesnâ€™t make you sweat much. The color didnâ€™t fade after the wash and the size was perfect as I was expecting. All in all nice T-shirt for summers","Ayush","Â·â€‚Male","Â·â€‚25 to 34 years","Â·â€‚Height: 176 - 180cm","Â·â€‚Weight: 91kg or over","Â·â€‚Uttarakhand"
"*must have*","14/06/2024","5 out of 5 stars","review star","Purchased size","How it fits","True to size","such lovely fabric, the most flattering oversized fit and an overall beauty. will buy more colours in the future.pair it with cargos, jeans or shorts. i also wear it under the linen jumpsuit.","Mrunal","Â·â€‚Female","Â·â€‚20 to 24 years","Â·â€‚Weight: 51 - 55kg","Â·â€‚Gujarat",""
"Nice relaxed fit T-shirt","13/06/2024","4 out of 5 stars","review star","Purchased size","How it fits","A bit loose","Itâ€™s a nice product , u can have one in ur wardrobe","Devesh","Â·â€‚Male","Â·â€‚35 to 44 years","Â·â€‚Height: 171 - 175cm","Â·â€‚Weight: 71 - 75kg","Â·â€‚Delhi"
"Shrink after wash","13/06/2024","2 out of 5 stars","review star","Purchased size","How it fits","True to size","I bought all the colors of this but surprisingly they all have shrunk","Muzammil","Â·â€‚Male","Â·â€‚35 to 44 years","Â·â€‚Height: 166 - 170cm","Â·â€‚Maharashtra",""
"Perfect black tee","13/06/2024","4 out of 5 stars","review star","Purchased size","How it fits","True to size","I got L size for my brother and it fits just perfectly. The fabric and the fall it has while still being sturdy is everything a good tee needs, this product is super comfortable & stretchable. It's a great everyday wear. Would like to get more of these.","Shhh","Â·â€‚Male","Â·â€‚25 to 34 years","Â·â€‚Height: 181 - 185cm","Â·â€‚Weight: 61 - 65kg","Â·â€‚Madhya Pradesh"
"Changed sizes over past one year","13/06/2024","4 out of 5 stars","review star","Purchased size","How it fits","True to size","I feel that the company has changed their default size in itself. I used to my L for oversized t-shirts and now I have to get XL. If I had to compare the previous XL and the XL I got now, theires minimal difference but a loyal customer would know","Manyu","Â·â€‚Male","Â·â€‚25 to 34 years","Â·â€‚Height: 186 - 190cm","Â·â€‚Weight: 81 - 85kg","Â·â€‚Uttar Pradesh"
"Perfect tshirt ever?!","12/06/2024","5 out of 5 stars","review star","Purchased size","How it fits","True to size","Amazing fabric, even though its a mixâ€¦it provides the perfect level of breathability+washfriendly+sweat absorption ratio.Size is perfect and no oversized tshirt of other brands comes close to the uniqlo airsm tshirt fit.Go for it without second thoughts!","Sarv","Â·â€‚Male","Â·â€‚20 to 24 years","Â·â€‚Height: 166 - 170cm","Â·â€‚Weight: 66 - 70kg","Â·â€‚Karnataka"
"Great fabric and fit","12/06/2024","5 out of 5 stars","review star","Purchased size","How it fits","True to size","Really nice fit with my body not too tight and not too loose with premium fabric","Sameer","Â·â€‚Male","Â·â€‚20 to 24 years","Â·â€‚Height: 171 - 175cm","Â·â€‚Weight: 71 - 75kg","Â·â€‚Assam"
"Impressive","12/06/2024","5 out of 5 stars","review star","Purchased size","How it fits","True to size","A bit tight on the neck area, which i prefer but some of u might not.","Naga","Â·â€‚Male","Â·â€‚25 to 34 years","Â·â€‚Height: 176 - 180cm","Â·â€‚Weight: 61 - 65kg","Â·â€‚Nagaland"
"Awesome Fabric","12/06/2024","5 out of 5 stars","review star","Purchased size","How it fits","True to size","I wear size S and it fits me perfectly. It's an oversized T-shirt and thus, the sleeves end just above the elbow. The Fabric is no doubt one of the best. It's thick and very lightweight.","Mayank","Â·â€‚Male","Â·â€‚20 to 24 years","Â·â€‚Height: 171 - 175cm","Â·â€‚Weight: 61 - 65kg","Â·â€‚Karnataka"
"Slightly looser than expected","12/06/2024","4 out of 5 stars","review star","Purchased size","How it fits","A bit loose","The tee is perfectly oversized and perfectly light (like all things Airism) but I found the tee to shrink slightly over multiple wears. Nothing to complain about but I would have liked the tee to retain its orginal size. Besides that, I love the variety of colours available. Beautiful!","Kartick","Â·â€‚Male","Â·â€‚35 to 44 years","Â·â€‚Height: 176 - 180cm","Â·â€‚Weight: 71 - 75kg","Â·â€‚Maharashtra"
"BEST EVER T-SHIRT I HAVE EVER BOUGHT","11/06/2024","5 out of 5 stars","review star","Purchased size","How it fits","True to size","This the best t-shirt I have ever bought.
I wear size M and I was amazed how it fits me perfectly. The fabric of this product is super comfortable, very smooth and stretchable. I am going to buy more of this product in different colour as well.","-","Â·â€‚Male","Â·â€‚25 to 34 years","Â·â€‚Height: 166 - 170cm","Â·â€‚Weight: 61 - 65kg","Â·â€‚Manipur"
"Tee-summer","11/06/2024","4 out of 5 stars","review star","Purchased size","How it fits","True to size","The product is very comfortable and feel relax during the hot summer","Office","Â·â€‚Male","Â·â€‚35 to 44 years","Â·â€‚Height: 156 - 160cm","Â·â€‚Weight: 61 - 65kg","Â·â€‚Delhi"
"Why this is the best t-shirt in the world!","11/06/2024","5 out of 5 stars","review star","Purchased size","How it fits","True to size","I had heard a lot of things about Airism tees before, but I was like it's just a t-shirt, what will be so special about it. But I was happily proven wrong by Uniqlo the moment I tried it on for the first time today. The comfort and softness of the fabric is out of this world, the size chart of Uniqlo is so accurate that it fit me perfectly in the first go without having to try a couple of other sizes. Also, there are so many colour options to choose from that you'll be spoilt for choice. Today, I got my first Airism Tee and it definitely isn't my last! This is why it's the best t-shirt in the whole world!","-","Â·â€‚Male","Â·â€‚25 to 34 years","Â·â€‚Height: 176 - 180cm","Â·â€‚Weight: 86 - 90kg","Â·â€‚Maharashtra"
"Quality with a sheen","11/06/2024","5 out of 5 stars","review star","Purchased size","How it fits","True to size","After trying out several brands, in search for a hi quality solid colored t shirt that stood out, I found this gem. Premium fabric, durable neck elastic and a really classy exterior look with a gentle sheen! In love with the fit and quality of this Tee. My go-to tee for all occasions. Icing on the cake? I got it during one of the rare discounts. Highly recommended to those who appreciate quality","-","Â·â€‚Male","Â·â€‚35 to 44 years","Â·â€‚Height: 176 - 180cm","Â·â€‚Weight: 81 - 85kg","Â·â€‚Maharashtra"
"True to size with good quality","11/06/2024","5 out of 5 stars","review star","Purchased size","How it fits","True to size","Product quality is too good 
And comfortable 
It looks good 
Feels good And too comfy","-","Â·â€‚Male","Â·â€‚20 to 24 years","Â·â€‚Height: 166 - 170cm","Â·â€‚Weight: 71 - 75kg","Â·â€‚Karnataka"
"My Go-To Tee for Style and Comfort","11/06/2024","5 out of 5 stars","review star","Purchased size","How it fits","True to size","The Uniqlo AIRism oversized tee has quickly become my favorite. Itâ€™s incredibly soft and keeps me cool even on hot days. The oversized fit is both trendy and comfortable, making it perfect for lounging or going out. Highly recommend!","-","Â·â€‚Male","Â·â€‚25 to 34 years","Â·â€‚Height: 176 - 180cm","Â·â€‚Weight: 81 - 85kg","Â·â€‚Karnataka"
"Perfect fit and great material","11/06/2024","5 out of 5 stars","review star","Purchased size","How it fits","True to size","I wear L/ 40 and this fits true to size. The material is of very good quality and thick, but because of the fit, itâ€™s easy to wear during the Indian summers.

Itâ€™s the best oversized T-shirt out there in the market","Pswizzle","Â·â€‚Male","Â·â€‚25 to 34 years","Â·â€‚Height: 176 - 180cm","Â·â€‚Weight: 86 - 90kg","Â·â€‚Maharashtra"
"Very nice t-shirt","11/06/2024","5 out of 5 stars","review star","Purchased size","How it fits","True to size","Fabric is really nice and fit and finish is also superb","Arpit","Â·â€‚Male","Â·â€‚25 to 34 years","Â·â€‚Height: 166 - 170cm","Â·â€‚Weight: 71 - 75kg","Â·â€‚Delhi"
"Best ever!","11/06/2024","5 out of 5 stars","review star","Purchased size","How it fits","True to size","The best fitted oversized t-shirt Iâ€™ve ever bought. Unlike other oversized t-shirts, it has a perfect length. So without a hesitation, go true to size","Mrinmoy","Â·â€‚Male","Â·â€‚25 to 34 years","Â·â€‚Height: 166 - 170cm","Â·â€‚Weight: 66 - 70kg","Â·â€‚Assam"
"Best in class Tee","11/06/2024","5 out of 5 stars","review star","Purchased size","How it fits","True to size","Best Oversized Tee in my wardrobe. Fabric as usual is outstanding. Airsm tech along with best in class workmanship makes the shopping worth it. Got atleast a dozen compliment the first time I wore this :))","-","Â·â€‚Male","Â·â€‚35 to 44 years","Â·â€‚Height: 176 - 180cm","Â·â€‚Weight: 71 - 75kg","Â·â€‚Karnataka"
"Well worth","11/06/2024","5 out of 5 stars","review star","Purchased size","How it fits","True to size","The fit's  really good for me,it is quite breezy as it states ,good for summer over all I think it's well worth","Yash","Â·â€‚Male","Â·â€‚15 to 19 years","Â·â€‚Height: 176 - 180cm","Â·â€‚Weight: 51 - 55kg","Â·â€‚Chandigarh"
"must recommended","10/06/2024","5 out of 5 stars","review star","Purchased size","How it fits","True to size","must buy if you looking for oversized tshirt, best fabric compared with others brands.","-","Â·â€‚Male","Â·â€‚25 to 34 years","Â·â€‚Height: 181 - 185cm","Â·â€‚Weight: 91kg or over","Â·â€‚Karnataka"
"Good stuff but feel more like polyester","10/06/2024","4 out of 5 stars","review star","Purchased size","How it fits","True to size","Fabric feels soft to touch. 
But feel more like poyester instead of cotton. Follow the washing guidelines, otherwise tumble dry may cause wrinkles. 
Length is a bit short for my height. (185 cm)","HimS","Â·â€‚Male","Â·â€‚35 to 44 years","Â·â€‚Height: 181 - 185cm","Â·â€‚Weight: 91kg or over","Â·â€‚Haryana"
"Cool and comfortable","10/06/2024","5 out of 5 stars","review star","Purchased size","How it fits","Tight","I bought this tshirt and have been wearing it quite often. It's really comfortable and keeps me cool on the hottest days. Have washed it multiple times and has still held shape.","-","Â·â€‚Male","Â·â€‚35 to 44 years","Â·â€‚Height: 176 - 180cm","Â·â€‚Weight: 76 - 80kg","Â·â€‚Maharashtra"
"Best oversized tee!","10/06/2024","5 out of 5 stars","review star","Purchased size","How it fits","True to size","The Best Oversized fit tshirt iâ€™ve ever bought! Totally worth the money with perfect fit, perfect fabric and good colors.","Ayyy","Â·â€‚Male","Â·â€‚20 to 24 years","Â·â€‚Height: 176 - 180cm","Â·â€‚Weight: 66 - 70kg","Â·â€‚Goa"
"Perfect T","10/06/2024","5 out of 5 stars","review star","Purchased size","How it fits","Tight","I like the most it's homy shoulder design and comfort by wearing this T","Rohit","Â·â€‚Male","Â·â€‚20 to 24 years","Â·â€‚Height: 166 - 170cm","Â·â€‚Weight: 61 - 65kg","Â·â€‚Madhya Pradesh"
"Perfect","10/06/2024","5 out of 5 stars","review star","Purchased size","How it fits","True to size","Quality. Material. Fit. Colour. Length. Perfection.","Hewhomustnotbenamed","Â·â€‚Male","Â·â€‚20 to 24 years","Â·â€‚Height: 176 - 180cm","Â·â€‚Weight: 51 - 55kg","Â·â€‚Uttar Pradesh"
"Really comfy oversized tshirt","09/06/2024","5 out of 5 stars","review star","Purchased size","How it fits","Loose","Due to my wide shoulders , I prefer to wear oversized tshirts. And the airism oversized crewneck are my new favourite. They are super comfy and awesome for regular wear.","-","Â·â€‚Male","Â·â€‚25 to 34 years","Â·â€‚Height: 166 - 170cm","Â·â€‚Weight: 76 - 80kg","Â·â€‚Karnataka"
"Amazing Fit and Fabric: My Favourite Oversized T-Shirt","09/06/2024","5 out of 5 stars","review star","Purchased size","How it fits","True to size","I recently purchased this oversized T-shirt, and it exceeded my expectations! The fit is perfect, offering a stylish and comfortable look. The fabric is exceptionally soft and high-quality. I absolutely love this T-shirt and highly recommend it to anyone looking for great style and comfort.","Rishoo","Â·â€‚Male","Â·â€‚20 to 24 years","Â·â€‚Height: 166 - 170cm","Â·â€‚Delhi",""
"best basic tee ever","08/06/2024","5 out of 5 stars","review star","Purchased size","How it fits","True to size","Iâ€™ve been seeing this all over the internet and i wanted to try it out for myself and it fits perfectly unlike h&m and zara which a bit too long","Saksham","Â·â€‚Male","Â·â€‚15 to 19 years","Â·â€‚Height: 176 - 180cm","Â·â€‚Weight: 56 - 60kg","Â·â€‚Maharashtra"
"Nothing like airism","08/06/2024","5 out of 5 stars","review star","Purchased size","How it fits","True to size","A perfect oversized t shirt for summer in India, size M i bought, fabric is more lighter and softness upto the mark. Light color options are delight to have.","Hello","Â·â€‚Male","Â·â€‚25 to 34 years","Â·â€‚Height: 176 - 180cm","Â·â€‚Weight: 66 - 70kg","Â·â€‚Haryana"
"It's breathable, comfortable and fashionable at the same time","07/06/2024","5 out of 5 stars","review star","Purchased size","How it fits","True to size","Love wearing it makes me confident and stylish at the same time,it's colour is unique and makes me standout among all,","Parth","Â·â€‚Male","Â·â€‚15 to 19 years","Â·â€‚Height: 161 - 165cm","Â·â€‚Weight: 76 - 80kg","Â·â€‚Delhi"
"Great tee for everyday use","07/06/2024","5 out of 5 stars","review star","Purchased size","How it fits","Tight","The quality of the cloth os really good nice and soft and feels really good and looks good","Sush","Â·â€‚Male","Â·â€‚15 to 19 years","Â·â€‚Height: 171 - 175cm","Â·â€‚Weight: 51 - 55kg","Â·â€‚Karnataka"
"Loved itâ€¦: it's not easy to crease and cool for summerâ€¦just love it","07/06/2024","4 out of 5 stars","review star","Purchased size","How it fits","True to size","The air technology is just too perfect for summer wear. You can layer it with anything during this hot summer. Definitely a go for people who like oversized vibe.","Moso","Â·â€‚Male","Â·â€‚20 to 24 years","Â·â€‚Height: 171 - 175cm","Â·â€‚Weight: 56 - 60kg","Â·â€‚Maharashtra"
"Great product | Must buy","05/06/2024","5 out of 5 stars","review star","Purchased size","How it fits","True to size","Great fit and finish. Overall loved the silhouette and how it falls on you. Highly recommended.","Krutarth","Â·â€‚Male","Â·â€‚25 to 34 years","Â·â€‚Height: 186 - 190cm","Â·â€‚Weight: 91kg or over","Â·â€‚Karnataka"
"The best T-shirt ever.","05/06/2024","5 out of 5 stars","review star","Purchased size","How it fits","True to size","The ever best T-shirt. Keep it up UNIQLOâ€¼ï¸ The fit, the material.. best ever.","-","Â·â€‚Male","Â·â€‚55 to 64 years","Â·â€‚Height: 161 - 165cm","Â·â€‚Weight: 61 - 65kg","Â·â€‚Haryana"
"Casual Comfort Meets Style","03/06/2024","5 out of 5 stars","review star","Purchased size","How it fits","True to size","This AIRism cotton t-shirt from Uniqlo is a comfortable and breathable option for everyday wear. The oversized fit gives it a relaxed and casual look, while the half sleeves strike a nice balance between covering the shoulders and keeping you cool. Made from a soft cotton blend, this t-shirt is lightweight and gentle on the skin. The crew neck design adds a classic touch to the simple silhouette. Available in a range of versatile colors, this tee can easily be dressed up or down to suit different occasions. Whether you're running errands or lounging at home, the AIRism Cotton Oversized Crew Neck T-Shirt offers a practical and stylish choice for your wardrobe.","Rohit","Â·â€‚Male","Â·â€‚20 to 24 years","Â·â€‚Height: 171 - 175cm","Â·â€‚Weight: 66 - 70kg","Â·â€‚Maharashtra"
"Change for Size","01/06/2024","5 out of 5 stars","review star","Purchased size","How it fits","Loose","The T Shirt is good but I request a change of size from 3XL to 2 XL","-","Â·â€‚Male","Â·â€‚65 years or over","Â·â€‚Height: 176 - 180cm","Â·â€‚Weight: 86 - 90kg","Â·â€‚Haryana"
"Tight from the neck","31/05/2024","1 out of 5 stars","review star","Purchased size","How it fits","Tight","Itâ€™s fits perfectly except for around the neck. Someone may as well be strangling you. Too bad, Iâ€™d have it in every colour if I didnâ€™t feel it was gripping my throat all day. I prefer all the other oversized Uniqlo T-Shirts. This one they messed up really bad.","-","Â·â€‚Decline to state","Â·â€‚35 to 44 years","Â·â€‚Height: 176 - 180cm","Â·â€‚Weight: 61 - 65kg","Â·â€‚Delhi"
"Oversized sized t-shirt","27/05/2024","5 out of 5 stars","review star","Purchased size","How it fits","A bit loose","This oversized fit provides a trendy and effortlessly cool aesthetic, perfect for mixing and matching with different outfits.","Money","Â·â€‚Male","Â·â€‚25 to 34 years","Â·â€‚Height: 171 - 175cm","Â·â€‚Weight: 66 - 70kg","Â·â€‚Uttarakhand"
"My 1st AIRism","26/05/2024","5 out of 5 stars","review star","Purchased size","How it fits","True to size","This is my 1st AIRism Tshirt. After wearing it I really liked its light weight, sheen and how quickly it git dried from sweat. Perfect tee for summer of New Delhi.
And now I want to buy another one to my wardrobe.","Subhradeep","Â·â€‚Male","Â·â€‚25 to 34 years","Â·â€‚Height: 176 - 180cm","Â·â€‚Weight: 61 - 65kg","Â·â€‚Delhi"
"Soft and Amazing T-Shirt","25/05/2024","5 out of 5 stars","review star","Purchased size","How it fits","True to size","This T-shirt is incredibly soft and light, making it perfect for all-day wear. The comfort and quality are unmatched, and it feels amazing on the skin. Highly recommend!","-","Â·â€‚Male","Â·â€‚25 to 34 years","Â·â€‚Height: 166 - 170cm","Â·â€‚Weight: 81 - 85kg","Â·â€‚Uttar Pradesh"
"Loved it so much","23/05/2024","5 out of 5 stars","review star","Purchased size","How it fits","True to size","Bought it first time from Bali and loved it so much that I got to search it in India and specifically got this product","Akash","Â·â€‚Male","Â·â€‚25 to 34 years","Â·â€‚Height: 181 - 185cm","Â·â€‚Weight: 91kg or over","Â·â€‚Gujarat"
"There were holes in the garment","21/05/2024","1 out of 5 stars","review star","Purchased size","How it fits","True to size","I bought 7/8 airsm Garments but this 1 t shirt had small holes ...I spotted 3 of them at different locations on the garment 

When raised it to uniqlo about the defect they have not replaced it and delaying the process by asking things like tags and Invoice and all other information when all this data is already there I'm their system","Murtaza","Â·â€‚Male","Â·â€‚35 to 44 years","Â·â€‚Height: 71 - 80cm","Â·â€‚Maharashtra",""
"The product fits best and true to its size.","21/05/2024","5 out of 5 stars","review star","Purchased size","How it fits","True to size","This is very nice product and quality is awesome. It fits well very comfortable.","-","Â·â€‚Male","Â·â€‚35 to 44 years","Â·â€‚Height: 171 - 175cm","Â·â€‚Weight: 61 - 65kg","Â·â€‚Maharashtra"
"Comfortable and Trendy T-Shirt","19/05/2024","5 out of 5 stars","review star","Purchased size","How it fits","True to size","Very nice looking and comfortable wear for these summers to pinch up your lifestyle.","Gaurav","Â·â€‚Male","Â·â€‚35 to 44 years","Â·â€‚Height: 176 - 180cm","Â·â€‚Weight: 71 - 75kg","Â·â€‚Haryana"
"The material shrunk","08/05/2024","1 out of 5 stars","review star","Purchased size","How it fits","Tight","I bought this thinking it's an oversized fit but after the first wash it shrunk and now barely fits me","-","Â·â€‚Male","Â·â€‚25 to 34 years","Â·â€‚Height: 171 - 175cm","Â·â€‚Haryana",""
"An excellent buy","07/05/2024","5 out of 5 stars","review star","Purchased size","How it fits","True to size","The material is thick at the same time apt for summer heat of Chennai","-","Â·â€‚Male","Â·â€‚15 to 19 years","Â·â€‚Height: 176 - 180cm","Â·â€‚Weight: 81 - 85kg","Â·â€‚Tamil Nadu"
"King among all","07/05/2024","4 out of 5 stars","review star","Purchased size","How it fits","True to size","The quality, the shilloutte, the airism fabric, the fitting of this oversized is out of the box thing i personally like the whole concept of airism as its gets dry more quicker than cotton the creased less looks makes it more vibrant and and white like never before in the market","-","Â·â€‚Male","Â·â€‚20 to 24 years","Â·â€‚Height: 171 - 175cm","Â·â€‚Weight: 71 - 75kg","Â·â€‚Delhi"
"Very nice colour and fit","05/05/2024","5 out of 5 stars","review star","Purchased size","How it fits","True to size","The T-shirt is super comfortable and looks cool. Perfect pick for the summer. The material is also amazing and a must buy for casual outings or vacation.","-","Â·â€‚Male","Â·â€‚25 to 34 years","Â·â€‚Height: 181 - 185cm","Â·â€‚Weight: 81 - 85kg","Â·â€‚Haryana"
"Exceeded expectations","04/05/2024","5 out of 5 stars","review star","Purchased size","How it fits","True to size","Really soft material, feels 'airy'. was very hyped for this and it exceeded expectations. Loved it!","mohi","Â·â€‚Male","Â·â€‚15 to 19 years","Â·â€‚Height: 161 - 165cm","Â·â€‚Weight: 66 - 70kg","Â·â€‚Rajasthan"
"Good fit and look","01/05/2024","5 out of 5 stars","review star","Purchased size","How it fits","True to size","The fabric has a rich feel and very comfortable. To my surprise it does not feel warm like typical oversized T-shirts do.","-","Â·â€‚Male","Â·â€‚25 to 34 years","Â·â€‚Height: 171 - 175cm","Â·â€‚Weight: 66 - 70kg","Â·â€‚Chandigarh"
"Air con ism","28/04/2024","5 out of 5 stars","review star","Purchased size","How it fits","True to size","Correct itâ€™s truely so light and airy itâ€™s like an air con on your body","-","Â·â€‚Male","Â·â€‚45 to 54 years","Â·â€‚Height: 121 - 130cm","Â·â€‚Weight: 76 - 80kg","Â·â€‚Maharashtra"
"Clean and comfortable","27/04/2024","5 out of 5 stars","review star","Purchased size","How it fits","True to size","It's a very good tshirt ever. Colour option are so good. But after first wash it gets reduced in its size. But no colour drain. Even after excessive sweating it manages not to release the odour out. Overall if you are finding for comfort these are the best tees around. Buy without any second thoughts","Harsha","Â·â€‚Male","Â·â€‚20 to 24 years","Â·â€‚Height: 176 - 180cm","Â·â€‚Weight: 71 - 75kg","Â·â€‚Karnataka"
"Superb Fit","25/04/2024","5 out of 5 stars","review star","Purchased size","How it fits","True to size","Super soft light fabric and Excellent fitting. Better then expensive brands available. Must have","Varun Furia","Â·â€‚Male","Â·â€‚35 to 44 years","Â·â€‚Height: 166 - 170cm","Â·â€‚Weight: 91kg or over","Â·â€‚Maharashtra"
"Quality stuff","23/04/2024","5 out of 5 stars","review star","Purchased size","How it fits","A bit loose","Airism oversized t shirts are one of my favourites to wear as they donâ€™t wrinkle or irritate skin","Shiv","Â·â€‚Male","Â·â€‚25 to 34 years","Â·â€‚Height: 186 - 190cm","Â·â€‚Weight: 91kg or over","Â·â€‚Punjab"
"Premium and comfortable t-shirt","22/04/2024","5 out of 5 stars","review star","Purchased size","How it fits","True to size","I tried airism oversize t-shirt in xl size. The comfort and feel of the t-shirt is very good. T-shirt is premium and is worth the price.","-","Â·â€‚Male","Â·â€‚35 to 44 years","Â·â€‚West Bengal","",""
"Enhancing Material Quality for Ultimate Style Satisfaction","20/04/2024","4 out of 5 stars","review star","Purchased size","How it fits","A bit loose","While the fit is undeniably fabulous and feels incredible on the body, I can't help but notice a slight dip in the material quality compared to my previous purchase. Elevating the materials would truly take these pieces to the next level!","Mahfil","Â·â€‚Male","Â·â€‚Height: 171 - 175cm","Â·â€‚Weight: 51 - 55kg","Â·â€‚Tripura",""
"Constant Staple","17/04/2024","5 out of 5 stars","review star","Purchased size","How it fits","True to size","This T-shirt has remained a constant staple in every outfit for the past year.","-","Â·â€‚Male","Â·â€‚25 to 34 years","Â·â€‚Height: 161 - 165cm","Â·â€‚Weight: 61 - 65kg","Â·â€‚West Bengal"
"A practical choice for everyday wear.","16/04/2024","5 out of 5 stars","review star","Purchased size","How it fits","True to size","The fit is true to size, offering a flattering silhouette without being too tight or restrictive. Plus, the T-shirt is easy to care for, making it a practical choice for everyday wear.
Overall, Iâ€™m loving the Uniqlo Grey Aerism T-shirt and itâ€™s a must-have staple in any wardrobe.","-","Â·â€‚Female","Â·â€‚Himachal Pradesh","","",""
"The best tshirt I ever bought.","16/04/2024","5 out of 5 stars","review star","Purchased size","How it fits","True to size","Ok I am not even kidding, I was gonna buy t-shirt from other brands because I wanted a slim fit high quality t-shirt. Uniqlo airism is only available in oversized and I went to a nearby store just to see the size and color, as soon as I saw it I fell in love with it and this is the best t shirt I own. I bought a smaller size than my own to get that muscular physique in a boxy look.","-","Â·â€‚Male","Â·â€‚25 to 34 years","Â·â€‚Height: 181 - 185cm","Â·â€‚Weight: 81 - 85kg","Â·â€‚Haryana"
"Amazing fitting and looks","10/04/2024","5 out of 5 stars","review star","Purchased size","How it fits","True to size","I bought a L size T-shirt and the looks and fitting are amazing. I usually wear M size but Uniqlo sizes are one level up ( look at EU equivalent size ) . The colour is very pretty.","-","Â·â€‚Male","Â·â€‚25 to 34 years","Â·â€‚Height: 171 - 175cm","Â·â€‚Weight: 71 - 75kg","Â·â€‚Delhi"
"Best black tshirt I have ever bought!","09/04/2024","5 out of 5 stars","review star","Purchased size","How it fits","True to size","The oversized fit is perfect ! I bought size M and it suited me properly. The fabric is gorgeous and smooth and the fall of the tshirt is perfect. Happy with the purchase.","Elite","Â·â€‚Male","Â·â€‚15 to 19 years","Â·â€‚Height: 176 - 180cm","Â·â€‚Weight: 56 - 60kg","Â·â€‚Delhi"
"The product quality is above the bar.","09/04/2024","5 out of 5 stars","review star","Purchased size","How it fits","True to size","I am one of the frequent buyers of uniqlo. I recently purchased this product and the quality of the clothing is great and it feels comfortable while wearing.","-","Â·â€‚Male","Â·â€‚Gujarat","","",""
"The tee got some color patch","05/04/2024","1 out of 5 stars","review star","Purchased size","How it fits","True to size","After The wash the color got patches, I was shocked to see how can a dark color t-shirt can get patches.","-","Â·â€‚Male","Â·â€‚35 to 44 years","Â·â€‚Height: 171 - 175cm","Â·â€‚Weight: 81 - 85kg","Â·â€‚Delhi"
"Perfect fir","02/04/2024","5 out of 5 stars","review star","Purchased size","How it fits","True to size","Finally, a t-shirt that ticks all the boxes! The size is just right, and it's super comfortable for wearing during long hours. I've received compliments on how stylish it looks too.","-","Â·â€‚Male","Â·â€‚25 to 34 years","Â·â€‚Maharashtra","",""
"Nice and saicy","01/04/2024","5 out of 5 stars","review star","Purchased size","How it fits","True to size","Awesome colour and fitt best in white tees and fabric quality also very good","-","Â·â€‚Male","Â·â€‚25 to 34 years","Â·â€‚Height: 181 - 185cm","Â·â€‚Weight: 86 - 90kg","Â·â€‚Uttar Pradesh"
"Best Buy","31/03/2024","5 out of 5 stars","review star","Purchased size","How it fits","True to size","The fabric is amazing and the fit goes perfect with your body type. This us must have T-shirt in everyoneâ€™s closet. It can be dress up and down easily.","-","Â·â€‚Male","Â·â€‚25 to 34 years","Â·â€‚Height: 171 - 175cm","Â·â€‚Weight: 76 - 80kg","Â·â€‚Uttar Pradesh"
"Comfortable Fit, Awsome colours","26/03/2024","5 out of 5 stars","review star","Purchased size","How it fits","True to size","I really like Uniqlos deeper colour aesthetic, makes  even the basic colour scheme pop out. T-shirt is a nice fit and fabric is top notch as usual","SaSA","Â·â€‚Male","Â·â€‚Haryana","","",""
"Honest Review from a Customer Experience","26/03/2024","5 out of 5 stars","review star","Purchased size","How it fits","True to size","The T-shirt is super comfortable! I pretty much like the size, itâ€™s oversized. I purchased M sized and it gives a great loose and baggy fit which I really like. So if you want more slim fit, I recommend to buy a smaller size than your usual size.","-","Â·â€‚Male","Â·â€‚20 to 24 years","Â·â€‚Height: 171 - 175cm","Â·â€‚Weight: 66 - 70kg","Â·â€‚Uttar Pradesh"
"The t shirt felt cozy and comfortable but at the same time looks great and is easy to style.","26/03/2024","5 out of 5 stars","review star","Purchased size","How it fits","True to size","One of the most comfortable clothing items I have ever purchased.","Monnyk","Â·â€‚Male","Â·â€‚20 to 24 years","Â·â€‚Height: 171 - 175cm","Â·â€‚Weight: 71 - 75kg","Â·â€‚Himachal Pradesh"
"Great Material","24/03/2024","4 out of 5 stars","review star","Purchased size","How it fits","A bit tight","The material is superb but wouldnâ€™t necessarily classify it as oversized fit. If in doubt, go for the bigger size","The connoisseur","Â·â€‚Male","Â·â€‚Maharashtra","","",""
"Perfect t shirt","24/03/2024","4 out of 5 stars","review star","Purchased size","How it fits","A bit loose","My hunt for the perfect t shirt ends here. The fit is very comfortable and the quality seems to be great hope it will be durable","-","Â·â€‚Male","Â·â€‚25 to 34 years","Â·â€‚Height: 171 - 175cm","Â·â€‚Weight: 71 - 75kg","Â·â€‚Nagaland"
"The fabric is too good.","18/03/2024","5 out of 5 stars","review star","Purchased size","How it fits","True to size","It's superb product and the best over sized T I purchased.","-","Â·â€‚Male","Â·â€‚25 to 34 years","Â·â€‚Height: 171 - 175cm","Â·â€‚Weight: 81 - 85kg","Â·â€‚Haryana"
"Amazing comfort","17/03/2024","5 out of 5 stars","review star","Purchased size","How it fits","True to size","The colour, texture and comfort of the t-shirt is amazing and would love to recommend to other people too.","Ayush","Â·â€‚Male","Â·â€‚20 to 24 years","Â·â€‚Height: 181 - 185cm","Â·â€‚Weight: 81 - 85kg","Â·â€‚Delhi"
"Best Summer tshirt","14/03/2024","5 out of 5 stars","review star","Purchased size","How it fits","True to size","The fit is immaculate, the Airism tech is a welcome addition to what i thought would otherwise be heavy cotton tshirts.
The material stays intact and doesnâ€™t loose up even after an year of useâ€¦ the quality is amazing and the way the fabric feels is just amazing, would highly recommend","Nishant","Â·â€‚Male","Â·â€‚20 to 24 years","Â·â€‚Height: 176 - 180cm","Â·â€‚Weight: 66 - 70kg","Â·â€‚Maharashtra"
"Fabulous","10/03/2024","5 out of 5 stars","review star","Purchased size","How it fits","True to size","Product quality is very good and it's value for money.","Anil","Â·â€‚Male","Â·â€‚20 to 24 years","Â·â€‚Height: 161 - 165cm","Â·â€‚Delhi",""
"Bad quality","26/02/2024","1 out of 5 stars","review star","Purchased size","How it fits","True to size","Quality not as expected for the price point
Doesn't like the quality","Rishi","Â·â€‚Male","Â·â€‚20 to 24 years","Â·â€‚Height: 166 - 170cm","Â·â€‚Weight: 46 - 50kg","Â·â€‚Telangana"
"Nice collection","26/02/2024","5 out of 5 stars","review star","Purchased size","How it fits","True to size","I truly loved the t.shirt shape as well the cloth.  FAB","-","Â·â€‚Male","Â·â€‚35 to 44 years","Â·â€‚Height: 186 - 190cm","Â·â€‚Weight: 81 - 85kg","Â·â€‚Telangana"
"A Breezy Blend of Comfort and Style","18/02/2024","5 out of 5 stars","review star","Purchased size","How it fits","True to size","The star of the show is the fabric .The blend of AIRism and cotton delivers a luxuriously soft feel that's both breathable and moisture-wicking. The oversized fit with dropped shoulders offer a relaxed, effortless cool look. It is a solid choice for those seeking comfortable, stylish Tshirt. It's breathable fabric and a designer touch make it a versatile piece for various occasions.","Prayas","Â·â€‚Male","Â·â€‚20 to 24 years","Â·â€‚Height: 166 - 170cm","Â·â€‚Weight: 66 - 70kg","Â·â€‚Delhi"