pull-right,profile-img href,b-lazy src,b-lazy src 2,user-ms-name,user-ms-name href,usr-addr-text,total-rev-counts,total-rev-counts href,col-10,col-10 href,rating,views,rating 2,rating 3,rating href,label,more,more 2,more 3,flag-review-text href,flag-review-text src,share,share 2,share 3,share 4,share 5,rc src,like-image-new src,rar-rate,tooltip,comment-image-new src,comment-clk,share-text-icon src,share-text-icon,btn,btn 2,btn 3,tooltip-content,total-followers-counts,total-followers-counts href
Latest,,,,,,,,,,,,,,,,,,,,,,,,,,,,,,,,,,,,,,,,
Reply as Brand,https://www.mouthshut.com/Auro2303,https://www.mouthshut.com/Images/COMMON/male-80X80.gif,https://image3.mouthshut.com/images/Offline/Common/Images/Badge/beginner.png,Auro2303,https://www.mouthshut.com/auro2303,India,4 Reviews,https://www.mouthshut.com/auro2303/reviews,Have Always been loving souled store!.. And still,https://www.mouthshut.com/review/the-souled-store-lower-parel-mumbai-review-tqpmmuroqnp,1 day ago,17 Views,(via ),Mobile,https://www.mouthshut.com/review/apis.aspx,Response Received,Having a physical souled store near my place was a big relief. To be honest I've bought from souled store online but always had a thought if I could go the store to check out the designs.,And yess there it is.!,Souled store designs and texture are always worth the price!,javascript:;,https://www.mouthshut.com/APP_THEMES/images/review/flag.svg,Flag This Review,Irrelevant,Fake,Junk,Thank You! We appreciate your effort.,https://www.mouthshut.com/Images/COMMON/loading_ajax.gif,https://www.mouthshut.com/Images/like-icon.svg,Like,0,https://www.mouthshut.com/Images/comment-icon.svg,Comments 0,https://www.mouthshut.com/Images/share.png,Share,Submit,Update,View more comments,,,
Reply as Brand,https://www.mouthshut.com/mrharsh770,https://www.mouthshut.com/Images/COMMON/no_gender_80.jpg,,mrharsh770,https://www.mouthshut.com/mrharsh770,India,1 Review,https://www.mouthshut.com/mrharsh770/reviews,The best merchandise site!!!,https://www.mouthshut.com/review/the-souled-store-lower-parel-mumbai-review-pnrpstroqnp,1 day ago,18 Views,(via ),Mobile,https://www.mouthshut.com/review/apis.aspx,Response Received,"The Souled Store is known for its unique designs. Each product stands out with originality, making it a perfect choice for those who want to express their individuality.",,,javascript:;,https://www.mouthshut.com/APP_THEMES/images/review/flag.svg,Flag This Review,Irrelevant,Fake,Junk,Thank You! We appreciate your effort.,https://www.mouthshut.com/Images/COMMON/loading_ajax.gif,https://www.mouthshut.com/Images/like-icon.svg,Like,0,https://www.mouthshut.com/Images/comment-icon.svg,Comments 0,https://www.mouthshut.com/Images/share.png,Share,Submit,Update,View more comments,,,
Reply as Brand,https://www.mouthshut.com/goyalritika2123,https://www.mouthshut.com/Images/COMMON/no_gender_80.jpg,,goyalritika2123,https://www.mouthshut.com/goyalritika2123,India,1 Review,https://www.mouthshut.com/goyalritika2123/reviews,A great website,https://www.mouthshut.com/review/the-souled-store-lower-parel-mumbai-review-ltlmpsnoqnp,3 days ago,15 Views,(via ),Mobile,https://www.mouthshut.com/review/apis.aspx,Response Received,A clean and intuitive interface makes shopping on The Souled Store's website a pleasure. It's easy to navigate and find exactly what you're looking for.,,,javascript:;,https://www.mouthshut.com/APP_THEMES/images/review/flag.svg,Flag This Review,Irrelevant,Fake,Junk,Thank You! We appreciate your effort.,https://www.mouthshut.com/Images/COMMON/loading_ajax.gif,https://www.mouthshut.com/Images/like-icon.svg,Like,0,https://www.mouthshut.com/Images/comment-icon.svg,Comments 0,https://www.mouthshut.com/Images/share.png,Share,Submit,Update,View more comments,,,
,,,,,,,,,,,,,,,,,,,,,,,,,,,,,,,,,,,,,,,,
Reply as Brand,https://www.mouthshut.com/dwivedimansi2003,https://www.mouthshut.com/Images/COMMON/no_gender_80.jpg,,dwivedimansi2003,https://www.mouthshut.com/dwivedimansi2003,India,1 Review,https://www.mouthshut.com/dwivedimansi2003/reviews,Awesome,https://www.mouthshut.com/review/the-souled-store-lower-parel-mumbai-review-qnloutunqnp,5 days ago,39 Views,(via ),Mobile,https://www.mouthshut.com/review/apis.aspx,Response Received,"The themed collections at The Souled Store are incredibly well-curated. They perfectly capture the spirit of popular movies, TV shows, and more.",,,javascript:;,https://www.mouthshut.com/APP_THEMES/images/review/flag.svg,Flag This Review,Irrelevant,Fake,Junk,Thank You! We appreciate your effort.,https://www.mouthshut.com/Images/COMMON/loading_ajax.gif,https://www.mouthshut.com/Images/like-icon.svg,Like,0,https://www.mouthshut.com/Images/comment-icon.svg,Comments 0,https://www.mouthshut.com/Images/share.png,Share,Submit,Update,View more comments,,,
Reply as Brand,https://www.mouthshut.com/onepieceabhiroop,https://www.mouthshut.com/Images/COMMON/no_gender_80.jpg,,onepieceabhiroop,https://www.mouthshut.com/onepieceabhiroop,India,1 Review,https://www.mouthshut.com/onepieceabhiroop/reviews,Souled Store - Is it soulful??,https://www.mouthshut.com/review/the-souled-store-lower-parel-mumbai-review-llsnournqnp,6 days ago,42 Views,(via ),Mobile,https://www.mouthshut.com/review/apis.aspx,Response Received,"The themed collections at The Souled Store are incredibly well-curated. They perfectly capture the spirit of popular movies, TV shows, and more.",,,javascript:;,https://www.mouthshut.com/APP_THEMES/images/review/flag.svg,Flag This Review,Irrelevant,Fake,Junk,Thank You! We appreciate your effort.,https://www.mouthshut.com/Images/COMMON/loading_ajax.gif,https://www.mouthshut.com/Images/like-icon.svg,Like,0,https://www.mouthshut.com/Images/comment-icon.svg,Comments 0,https://www.mouthshut.com/Images/share.png,Share,Submit,Update,View more comments,,,
Reply as Brand,https://www.mouthshut.com/khushikalyan04,https://www.mouthshut.com/Images/COMMON/no_gender_80.jpg,,khushikalyan04,https://www.mouthshut.com/khushikalyan04,India,1 Review,https://www.mouthshut.com/khushikalyan04/reviews,My favourite merchandising Store ??,https://www.mouthshut.com/review/the-souled-store-lower-parel-mumbai-review-nmpnrupnqnp,7 days ago,39 Views,(via ),Mobile,https://www.mouthshut.com/review/apis.aspx,Response Received,"For the quality and uniqueness of the products, the prices at The Souled Store are unbeatable. It's my go-to place for great deals on fan merchandise.",,,javascript:;,https://www.mouthshut.com/APP_THEMES/images/review/flag.svg,Flag This Review,Irrelevant,Fake,Junk,Thank You! We appreciate your effort.,https://www.mouthshut.com/Images/COMMON/loading_ajax.gif,https://www.mouthshut.com/Images/like-icon.svg,Like,0,https://www.mouthshut.com/Images/comment-icon.svg,Comments 0,https://www.mouthshut.com/Images/share.png,Share,Submit,Update,View more comments,,,
Reply as Brand,https://www.mouthshut.com/connorisra9,https://www.mouthshut.com/Images/COMMON/no_gender_80.jpg,,connorisra9,https://www.mouthshut.com/connorisra9,India,1 Review,https://www.mouthshut.com/connorisra9/reviews,Creative and unique designs,https://www.mouthshut.com/review/the-souled-store-lower-parel-mumbai-review-srlsrtmnqnp,8 days ago,40 Views,(via ),Mobile,https://www.mouthshut.com/review/apis.aspx,Response Received,"The Souled Store excels in offering the best designs. Their creativity and attention to detail make every piece stand out, perfect for fans who want to express their passions.",,,javascript:;,https://www.mouthshut.com/APP_THEMES/images/review/flag.svg,Flag This Review,Irrelevant,Fake,Junk,Thank You! We appreciate your effort.,https://www.mouthshut.com/Images/COMMON/loading_ajax.gif,https://www.mouthshut.com/Images/like-icon.svg,Like,0,https://www.mouthshut.com/Images/comment-icon.svg,Comments 0,https://www.mouthshut.com/Images/share.png,Share,Submit,Update,View more comments,,,
Reply as Brand,https://www.mouthshut.com/shubhamwheofficial,https://www.mouthshut.com/Images/COMMON/no_gender_80.jpg,,shubhamwheofficial,https://www.mouthshut.com/shubhamwheofficial,India,1 Review,https://www.mouthshut.com/shubhamwheofficial/reviews,Items missing in my order placed online. TWO TIMES,https://www.mouthshut.com/review/the-souled-store-lower-parel-mumbai-review-plltpnsmlnp,"Jan 22, 2024 06:23 PM",222 Views,(via ),Mobile,https://www.mouthshut.com/review/apis.aspx,Response Received,Pathetic customer experience by Souled Store.,My three orders and all three of them were logistics blunders.,I don’t think they understand the concept of prepaid orders placed online. You entrust the service provider to deliver the contents respectfully and safely to the consumer.,javascript:;,https://www.mouthshut.com/APP_THEMES/images/review/flag.svg,Flag This Review,Irrelevant,Fake,Junk,Thank You! We appreciate your effort.,https://www.mouthshut.com/Images/COMMON/loading_ajax.gif,https://www.mouthshut.com/Images/like-icon.svg,Like,0,https://www.mouthshut.com/Images/comment-icon.svg,Comments 0,https://www.mouthshut.com/Images/share.png,Share,Submit,Update,View more comments,,,
Reply as Brand,https://www.mouthshut.com/Shalini12850,https://www.mouthshut.com/Images/COMMON/no_gender_80.jpg,,Shalini12850,https://www.mouthshut.com/shalini12850,,1 Review,https://www.mouthshut.com/shalini12850/reviews,Love the collection!,https://www.mouthshut.com/review/the-souled-store-lower-parel-mumbai-review-ttnuqlsntmp,"Nov 17, 2023 04:23 PM",347 Views,,,,Response Received,"I have bought multiple times from this store for myself and for my friends, I have always been amazed with the product quality and their trendy collection.",,,javascript:;,https://www.mouthshut.com/APP_THEMES/images/review/flag.svg,Flag This Review,Irrelevant,Fake,Junk,Thank You! We appreciate your effort.,https://www.mouthshut.com/Images/COMMON/loading_ajax.gif,https://www.mouthshut.com/Images/like-icon.svg,Like,0,https://www.mouthshut.com/Images/comment-icon.svg,Comments 0,https://www.mouthshut.com/Images/share.png,Share,Submit,Update,View more comments,,,
Reply as Brand,https://www.mouthshut.com/priyamehra1331,https://www.mouthshut.com/Images/COMMON/no_gender_80.jpg,,priyamehra1331,https://www.mouthshut.com/priyamehra1331,India,2 Reviews,https://www.mouthshut.com/priyamehra1331/reviews,Best Shopping App,https://www.mouthshut.com/review/the-souled-store-lower-parel-mumbai-review-tussolsntmp,"Nov 17, 2023 04:07 PM",271 Views,,,,Response Received,I purchased T-shirts and cargos from this website. the fabric quality was amazing. Just loved their collection.,,,javascript:;,https://www.mouthshut.com/APP_THEMES/images/review/flag.svg,Flag This Review,Irrelevant,Fake,Junk,Thank You! We appreciate your effort.,https://www.mouthshut.com/Images/COMMON/loading_ajax.gif,https://www.mouthshut.com/Images/like-icon.svg,Like,0,https://www.mouthshut.com/Images/comment-icon.svg,Comments 0,https://www.mouthshut.com/Images/share.png,Share,Submit,Update,View more comments,,,
Reply as Brand,https://www.mouthshut.com/ashishjadhav67,https://www.mouthshut.com/Images/COMMON/female-80X80.gif,https://image3.mouthshut.com/images/Offline/Common/Images/Badge/beginner.png,ashishjadhav67,https://www.mouthshut.com/ashishjadhav67,India,1 Review,https://www.mouthshut.com/ashishjadhav67/reviews,Pathetic delivery service and communication,https://www.mouthshut.com/review/the-souled-store-lower-parel-mumbai-review-urroppptllp,"Jun 24, 2022 07:52 AM",1070 Views,(via ),Mobile,https://www.mouthshut.com/review/apis.aspx,Response Received,I ordered 3 t shirts on 20th June 2022 and on 22nd June my order delivery status shown as out for delivery which we expect to get delivery by that day itself. But this is the first time I experienced this problem souled store that they show the status of out for delivery but later on its not the case and it happened 2 consecutive days. I tried to communicate with their delivery partner as well but no response. Very horrible experience I got and never expected this from Souled store where before this I purchased several t shirts.,,,javascript:;,https://www.mouthshut.com/APP_THEMES/images/review/flag.svg,Flag This Review,Irrelevant,Fake,Junk,Thank You! We appreciate your effort.,https://www.mouthshut.com/Images/COMMON/loading_ajax.gif,https://www.mouthshut.com/Images/like-icon.svg,Like,0,https://www.mouthshut.com/Images/comment-icon.svg,Comments 0,https://www.mouthshut.com/Images/share.png,Share,Submit,Update,View more comments,,,
Reply as Brand,https://www.mouthshut.com/amit81288,https://www.mouthshut.com/Images/COMMON/female-80X80.gif,https://image3.mouthshut.com/images/Offline/Common/Images/Badge/beginner.png,amit81288,https://www.mouthshut.com/amit81288,India,1 Review,https://www.mouthshut.com/amit81288/reviews,Very pathetic,https://www.mouthshut.com/review/the-souled-store-lower-parel-mumbai-review-mulrtosnuuo,"Apr 30, 2022 07:42 PM",1210 Views,(via ),Mobile,https://www.mouthshut.com/review/apis.aspx,Response Received,Can't explain in words. They should change there name to idiotic store.,If it's possible I have given negative rating.,,javascript:;,https://www.mouthshut.com/APP_THEMES/images/review/flag.svg,Flag This Review,Irrelevant,Fake,Junk,Thank You! We appreciate your effort.,https://www.mouthshut.com/Images/COMMON/loading_ajax.gif,https://www.mouthshut.com/Images/like-icon.svg,Like,0,https://www.mouthshut.com/Images/comment-icon.svg,Comments 0,https://www.mouthshut.com/Images/share.png,Share,Submit,Update,View more comments,,,
Reply as Brand,https://www.mouthshut.com/Akash8186,https://www.mouthshut.com/Images/COMMON/female-80X80.gif,https://image3.mouthshut.com/images/Offline/Common/Images/Badge/beginner.png,Akash8186,https://www.mouthshut.com/akash8186,India,1 Review,https://www.mouthshut.com/akash8186/reviews,Worst,https://www.mouthshut.com/review/the-souled-store-lower-parel-mumbai-review-tsmttnunlso,"Sep 27, 2020 04:12 PM",2958 Views,(via ),Mobile,https://www.mouthshut.com/review/apis.aspx,Response Received,"Their wwe merchandise department is far from authentic, look at the letters, it's very small and definitely not as same as what they sell in wweshop. Please refrain from buying anything from them",,,javascript:;,https://www.mouthshut.com/APP_THEMES/images/review/flag.svg,Flag This Review,Irrelevant,Fake,Junk,Thank You! We appreciate your effort.,https://www.mouthshut.com/Images/COMMON/loading_ajax.gif,https://www.mouthshut.com/Images/like-icon.svg,Like,0,https://www.mouthshut.com/Images/comment-icon.svg,Comments 0,https://www.mouthshut.com/Images/share.png,Share,Submit,Update,View more comments,,,
Reply as Brand,https://www.mouthshut.com/clint_azavedo,https://image3.mouthshut.com/images/imagesu/m/clint_azavedo.jpg,https://image3.mouthshut.com/images/Offline/Common/Images/Badge/beginner.png,clint_azavedo,https://www.mouthshut.com/clint_azavedo,Thane India,1 Review,https://www.mouthshut.com/clint_azavedo/reviews,Sad Souls,https://www.mouthshut.com/review/the-souled-store-lower-parel-mumbai-review-onunuqluuoo,"Jun 23, 2020 10:31 PM",3365 Views,(via ),Mobile,https://www.mouthshut.com/review/apis.aspx,Response Received,I ordered for 2 t-shirts worth Rs750 and with much delay not finding the address the delivery guy wasted my day. Now when I see only 1 shirt I received and it was in really bad condition.,Later I called d corporate office which took literally long to receive d call and later did not seem helpful.,Later when ull write to them they'll blacklist your orders,javascript:;,https://www.mouthshut.com/APP_THEMES/images/review/flag.svg,Flag This Review,Irrelevant,Fake,Junk,Thank You! We appreciate your effort.,https://www.mouthshut.com/Images/COMMON/loading_ajax.gif,https://www.mouthshut.com/Images/like-icon.svg,Like,0,https://www.mouthshut.com/Images/comment-icon.svg,Comments 0,https://www.mouthshut.com/Images/share.png,Share,Submit,Update,View more comments,,,
Reply as Brand,https://www.mouthshut.com/chrismathalikunnel,https://www.mouthshut.com/Images/COMMON/female-80X80.gif,https://image3.mouthshut.com/images/Offline/Common/Images/Badge/beginner.png,chrismathalikunnel,https://www.mouthshut.com/chrismathalikunnel,India,2 Reviews,https://www.mouthshut.com/chrismathalikunnel/reviews,Tricked,https://www.mouthshut.com/review/the-souled-store-lower-parel-mumbai-review-urrusnsurno,"Apr 06, 2020 05:03 PM",3657 Views,(via ),Mobile,https://www.mouthshut.com/review/apis.aspx,Response Received,I have never been more inconvenienced by online shopping. These people tricked me with their 30% discount by showing me the amount with discount till I made the payment and then realising that they overcharged me! The amount that got deducted from my card did not include the discount. I feel cheated and scammed. I tried to contact them to fix this issue for days and still there has been no improvement. They should have refunded the extra money but instead they offered to give me some lousy reward points. Why should I accept the reward points if don't want to do any future transactions with them? And also I have not yet received those reward points in my account.,,,javascript:;,https://www.mouthshut.com/APP_THEMES/images/review/flag.svg,Flag This Review,Irrelevant,Fake,Junk,Thank You! We appreciate your effort.,https://www.mouthshut.com/Images/COMMON/loading_ajax.gif,https://www.mouthshut.com/Images/like-icon.svg,Like,0,https://www.mouthshut.com/Images/comment-icon.svg,Comments 0,https://www.mouthshut.com/Images/share.png,Share,Submit,Update,View more comments,,,
Reply as Brand,https://www.mouthshut.com/yadavmarketing,https://image3.mouthshut.com/images/imagesu/m/yadavmarketing.jpg,https://image3.mouthshut.com/images/Offline/Common/Images/Badge/beginner.png,yadavmarketing,https://www.mouthshut.com/yadavmarketing,"Gurgaon, Haryana India",4 Reviews,https://www.mouthshut.com/yadavmarketing/reviews,Tshirt,https://www.mouthshut.com/review/the-souled-store-lower-parel-mumbai-review-tprqpospmun,"Aug 10, 2019 10:20 AM",3123 Views,(via ),Mobile,https://www.mouthshut.com/review/apis.aspx,Response Received,Pathetic stuff ...high price I ordered online ..no return pickup facilities. I am very fed up with your services and quality.,,,javascript:;,https://www.mouthshut.com/APP_THEMES/images/review/flag.svg,Flag This Review,Irrelevant,Fake,Junk,Thank You! We appreciate your effort.,https://www.mouthshut.com/Images/COMMON/loading_ajax.gif,https://www.mouthshut.com/Images/like-icon.svg,Like,0,https://www.mouthshut.com/Images/comment-icon.svg,Comments 0,https://www.mouthshut.com/Images/share.png,Share,Submit,Update,View more comments,,,
Reply as Brand,https://www.mouthshut.com/pikeshpatel492,https://image3.mouthshut.com/images/imagesu/m/pikeshpatel492.jpg,https://image3.mouthshut.com/images/Offline/Common/Images/Badge/beginner.png,pikeshpatel492,https://www.mouthshut.com/pikeshpatel492,"Manendragarh, India India",1 Review,https://www.mouthshut.com/pikeshpatel492/reviews,Good products bad return policy and refunds.,https://www.mouthshut.com/review/the-souled-store-lower-parel-mumbai-review-mqmusqnpmun,"Aug 09, 2019 02:38 PM",5872 Views,,,,Response Received,"Ordered t-shirt from the souled store but the quality was very poor and size was also not fitting so I tried to return the product but they didn't arrange any return courier, as they won't refund your amount on your bank account instead they refund on their account's wallet.","worst shopping experience ever, go for myntra its best.",,javascript:;,https://www.mouthshut.com/APP_THEMES/images/review/flag.svg,Flag This Review,Irrelevant,Fake,Junk,Thank You! We appreciate your effort.,https://www.mouthshut.com/Images/COMMON/loading_ajax.gif,https://www.mouthshut.com/Images/like-icon.svg,Like,0,https://www.mouthshut.com/Images/comment-icon.svg,Comments 0,https://www.mouthshut.com/Images/share.png,Share,Submit,Update,View more comments,,,
Reply as Brand,https://www.mouthshut.com/vedashreeyuvaraj,https://image3.mouthshut.com/images/imagesu/m/vedashreeyuvaraj.jpg,https://image3.mouthshut.com/images/Offline/Common/Images/Badge/beginner.png,vedashreeyuvaraj,https://www.mouthshut.com/vedashreeyuvaraj,"Bangalore, India India",1 Review,https://www.mouthshut.com/vedashreeyuvaraj/reviews,Worst.,https://www.mouthshut.com/review/the-souled-store-lower-parel-mumbai-review-rmooompllun,"Jul 25, 2019 03:11 PM",5880 Views,(via ),Mobile,https://www.mouthshut.com/review/apis.aspx,Response Received,The material of the cloth is toooo thin and the cost is high. And when trying to return the product we need to send the product through courier and the process is too much . I would not recommend anyone buy products from here . Guys please make things convinent and easy so that we can buy more things,,,javascript:;,https://www.mouthshut.com/APP_THEMES/images/review/flag.svg,Flag This Review,Irrelevant,Fake,Junk,Thank You! We appreciate your effort.,https://www.mouthshut.com/Images/COMMON/loading_ajax.gif,https://www.mouthshut.com/Images/like-icon.svg,Like,1,https://www.mouthshut.com/Images/comment-icon.svg,Comments 0,https://www.mouthshut.com/Images/share.png,Share,Submit,Update,View more comments,pikeshpatel492,,
Reply as Brand,https://www.mouthshut.com/sam14ajmani,https://www.mouthshut.com/Images/COMMON/female-80X80.gif,https://image3.mouthshut.com/images/Offline/Common/Images/Badge/beginner.png,sam14ajmani,https://www.mouthshut.com/sam14ajmani,India,2 Reviews,https://www.mouthshut.com/sam14ajmani/reviews,For souled store,https://www.mouthshut.com/review/the-souled-store-lower-parel-mumbai-review-suqtmutntsn,"Apr 23, 2019 07:43 PM",7569 Views,(via ),Mobile,https://www.mouthshut.com/review/apis.aspx,Response Received,"The collection is very beautiful but the there is always some issue with the payment both shopping experiences were very bad the first time payment was made but shown as not excepted the second time also the same issue payment deducted from account but not accepted shown on the website now my money is blocked and it's just too much stress and hastle please do something about your servers , or payment receiving systems it's really bad",,,javascript:;,https://www.mouthshut.com/APP_THEMES/images/review/flag.svg,Flag This Review,Irrelevant,Fake,Junk,Thank You! We appreciate your effort.,https://www.mouthshut.com/Images/COMMON/loading_ajax.gif,https://www.mouthshut.com/Images/like-icon.svg,Like,1,https://www.mouthshut.com/Images/comment-icon.svg,Comments 0,https://www.mouthshut.com/Images/share.png,Share,Submit,Update,View more comments,pikeshpatel492,,
Reply as Brand,https://www.mouthshut.com/mohit2704,https://image3.mouthshut.com/images/imagesu/m/mohit2704.jpg,https://image3.mouthshut.com/images/Offline/Common/Images/Badge/beginner.png,mohit2704,https://www.mouthshut.com/mohit2704,"Mumbai, India India",6 Reviews,https://www.mouthshut.com/mohit2704/reviews,The SOILED Store.,https://www.mouthshut.com/review/the-souled-store-lower-parel-mumbai-review-pumnlutupsn,"Feb 19, 2019 10:53 AM",9303 Views,,,,Response Received,"I recently bought some 3 t-shirts from the souled store, the size of the t-shirts was not proper hence I applied for a return/refund request. First they did not have an arrangement to pick up the t-shirts when escalated they arranged for someone to pick up the tshirts and approved my refund request, I have been fighting for my refund since then. Its been close to a month, I have sent them numerous e-mails, made infinite calls to their customer care, I still have not received the refund from them. I had no idea these guys were so cheap that they would block my Rs 1197 for I dont know what reason. I am surely not making any purchases henceforth from them and would never recommend them to anybody going forward.",,,javascript:;,https://www.mouthshut.com/APP_THEMES/images/review/flag.svg,Flag This Review,Irrelevant,Fake,Junk,Thank You! We appreciate your effort.,https://www.mouthshut.com/Images/COMMON/loading_ajax.gif,https://www.mouthshut.com/Images/like-icon.svg,Like,1,https://www.mouthshut.com/Images/comment-icon.svg,Comments 2,https://www.mouthshut.com/Images/share.png,Share,Submit,Update,View more comments,luvr2610,3 Followers,https://www.mouthshut.com/account/trust_by.php?user=mohit2704
,,,,,,,,,,,,,,,,,,,,,,,,,,,,,,,,,,,1,2,3,,,
Latest,,,,,,,,,,,,,,,,,,,,,,,,,,,,,,,,,,,,,,,,
Reply as Brand,https://www.mouthshut.com/jaksh143,https://www.mouthshut.com/Images/COMMON/female-80X80.gif,https://image3.mouthshut.com/images/Offline/Common/Images/Badge/beginner.png,jaksh143,https://www.mouthshut.com/jaksh143,India,1 Review,https://www.mouthshut.com/jaksh143/reviews,Shittiest Service,https://www.mouthshut.com/review/the-souled-store-lower-parel-mumbai-review-plttlmtrlsn,"Nov 29, 2018 04:34 PM",7759 Views,,,,Response Received,"For the question of did you like the product. there is no answer because the product was never delivered. Its been more than 5 days  and the souled store mailed me that the product is been delivered whereas, it was never received at my end. Now there is a delay just to get an update from their side regarding this mess. Its been 5 days I have been waiting for an update about where is my product if it is not delivered then.",,,javascript:;,https://www.mouthshut.com/APP_THEMES/images/review/flag.svg,Flag This Review,Irrelevant,Fake,Junk,Thank You! We appreciate your effort.,https://www.mouthshut.com/Images/COMMON/loading_ajax.gif,https://www.mouthshut.com/Images/like-icon.svg,Like,0,https://www.mouthshut.com/Images/comment-icon.svg,Comments 0,https://www.mouthshut.com/Images/share.png,Share,Submit,Update,View more comments,,,
Reply as Brand,https://www.mouthshut.com/nitishrana100,https://image3.mouthshut.com/images/Offline/Common/Images/transparent.png,https://image3.mouthshut.com/images/Offline/Common/Images/transparent.png,nitishrana100,https://www.mouthshut.com/nitishrana100,Shimla India,1 Review,https://www.mouthshut.com/nitishrana100/reviews,Products,https://www.mouthshut.com/review/the-souled-store-lower-parel-mumbai-review-nnqoumtoqrn,"Sep 01, 2018 04:17 PM",7767 Views,(via ),Mobile,https://www.mouthshut.com/review/apis.aspx,Response Received,Well.On Website it looked really well and big but after receiving an order it was not up to the mark or to the quality expected as per the price. Seemed Less than Average. Dissatisfied. Will advice others not to go for it as it not doing Justice. For Company my advice is that they should change the quality.Their Ideas are brilliant but products are badly to be changed to the better better quality,,,javascript:;,https://www.mouthshut.com/APP_THEMES/images/review/flag.svg,Flag This Review,Irrelevant,Fake,Junk,Thank You! We appreciate your effort.,https://www.mouthshut.com/Images/COMMON/loading_ajax.gif,https://www.mouthshut.com/Images/like-icon.svg,Like,0,https://www.mouthshut.com/Images/comment-icon.svg,Comments 0,https://www.mouthshut.com/Images/share.png,Share,Submit,Update,View more comments,,,
Reply as Brand,https://www.mouthshut.com/Dexter999,https://image3.mouthshut.com/images/Offline/Common/Images/transparent.png,https://image3.mouthshut.com/images/Offline/Common/Images/transparent.png,Dexter999,https://www.mouthshut.com/dexter999,Mumbai India,98 Reviews,https://www.mouthshut.com/dexter999/reviews,Average Products,https://www.mouthshut.com/review/the-souled-store-lower-parel-mumbai-review-otqslmnrprn,"Aug 21, 2018 01:24 PM",14051 Views,,,,Response Received,"I wanted by some T-shirts of my favourite TV series characters or superheroes. But I was not finding a particular store for it but then I came to know about souled store from google. There were many Superheroes merchandise like bags, T-shirts, Sweatshirts, Mugs, etc. But they were a bit expensive for such items. But I wanted the T-shirts so somehow I managed to buy 2 T-shirts one of Joey from friends and the other was of Sherlock for 1000 rupees plus some delivery charges about 50-60 rupees.","But when the product was delivered, first of all the packaging was horrible. And the prints on the T-shirt started fading after 3-4 washes. So based on my experience I would not recommend you to buy T-shirts from souled store. But if you want to buy sweatshirt then it is good as I also had ordered one sweatshirt from there later. And it turned out to be a good one. I am still using it and the print on it is also alright.",So I would suggest you not buy T-shirts from there but you can purchase their other items as they are good.,javascript:;,https://www.mouthshut.com/APP_THEMES/images/review/flag.svg,Flag This Review,Irrelevant,Fake,Junk,Thank You! We appreciate your effort.,https://www.mouthshut.com/Images/COMMON/loading_ajax.gif,https://www.mouthshut.com/Images/like-icon.svg,Like,1,https://www.mouthshut.com/Images/comment-icon.svg,Comments 0,https://www.mouthshut.com/Images/share.png,Share,Submit,Update,View more comments,inglenikhil2000,79 Followers,https://www.mouthshut.com/account/trust_by.php?user=dexter999
,,,,,,,,,,,,,,,,,,,,,,,,,,,,,,,,,,,,,,,,
Reply as Brand,https://www.mouthshut.com/yashsuthar448,https://image3.mouthshut.com/images/Offline/Common/Images/transparent.png,https://image3.mouthshut.com/images/Offline/Common/Images/transparent.png,yashsuthar448,https://www.mouthshut.com/yashsuthar448,"Bali, India India",1 Review,https://www.mouthshut.com/yashsuthar448/reviews,Worst delivery service and communication,https://www.mouthshut.com/review/the-souled-store-lower-parel-mumbai-review-rnrorpqmprn,"Aug 14, 2018 04:42 AM",7181 Views,(via ),Mobile,https://www.mouthshut.com/review/apis.aspx,Response Received,Worst delivery ?? service!,"Don’t but anything,  I placed an order 19 days ago and the delivery address is in Mumbai only and that too very close to their warehouse, it hardly takes 1 hour to reach it.","And even after all this, no proper response from them. ????????????",javascript:;,https://www.mouthshut.com/APP_THEMES/images/review/flag.svg,Flag This Review,Irrelevant,Fake,Junk,Thank You! We appreciate your effort.,https://www.mouthshut.com/Images/COMMON/loading_ajax.gif,https://www.mouthshut.com/Images/like-icon.svg,Like,0,https://www.mouthshut.com/Images/comment-icon.svg,Comments 0,https://www.mouthshut.com/Images/share.png,Share,Submit,Update,View more comments,,,
Reply as Brand,https://www.mouthshut.com/ishusaxena466i,https://image3.mouthshut.com/images/Offline/Common/Images/transparent.png,https://image3.mouthshut.com/images/Offline/Common/Images/transparent.png,ishusaxena466i,https://www.mouthshut.com/ishusaxena466i,Gorakhpur India,1 Review,https://www.mouthshut.com/ishusaxena466i/reviews,Pathetic Service,https://www.mouthshut.com/review/the-souled-store-lower-parel-mumbai-review-stmotlrrorn,"Aug 06, 2018 08:12 AM",10515 Views,(via ),Mobile,https://www.mouthshut.com/review/apis.aspx,Response Received,This was my first time using this online store for shopping.as I bought two Tshirts of same size XS but intentionally they sent of the T-shirt XXS. I ordered these item as gifts but when I saw the different sizes it really dissapoints me.how could such a renowned online store make such kind of blunder. I even wrote complain to these guys 2 days ago but these guys are so ignorant that they are not replying any of my mails. Choosing this Crap online store was one of the mistake in my life,,,javascript:;,https://www.mouthshut.com/APP_THEMES/images/review/flag.svg,Flag This Review,Irrelevant,Fake,Junk,Thank You! We appreciate your effort.,https://www.mouthshut.com/Images/COMMON/loading_ajax.gif,https://www.mouthshut.com/Images/like-icon.svg,Like,2,https://www.mouthshut.com/Images/comment-icon.svg,Comments 1,https://www.mouthshut.com/Images/share.png,Share,Submit,Update,View more comments,sonali75,3 Followers,https://www.mouthshut.com/account/trust_by.php?user=ishusaxena466i
Reply as Brand,https://www.mouthshut.com/josephjthoppil,https://image3.mouthshut.com/images/Offline/Common/Images/transparent.png,https://image3.mouthshut.com/images/Offline/Common/Images/transparent.png,josephjthoppil,https://www.mouthshut.com/josephjthoppil,India,1 Review,https://www.mouthshut.com/josephjthoppil/reviews,'Shipment all over India' - is a JOKE !,https://www.mouthshut.com/review/the-souled-store-lower-parel-mumbai-review-outnmssonrn,"Jul 17, 2018 09:12 PM",7330 Views,,,,Response Received,"I placed my order 13 days ago.The order was my gift to my elder brother on his birth day(July 17).Still I have not received any calls regarding my order.The site has very bare minimum of info. they dont even have the proper collection center name or they dont mention with which provider they mailed you your order. Nothing is there in the website of theirs.LUCKLY I had the good sense to place my order in COD .Finally I had to work with Souled store customer service team and get the Delivery service name(this took 5 days as they were not reachable they talk only via mail)There is a helpline number in the site it is of NO good your call just wont go through(Your welcome to try as soon as you read this contact Number: 022-39653110). Finally after 5 days of investigation SS team reviled the courier service they mailed me'Delhivery'. Pathetic Service from them . They dont call you, they dont pick your calls. they just confirmed that they may have the parcel with them but not sure who has it(For Delhivery to spill the beans it took another 6 days.How very sweet!) The order now is RTO(Return).God knows whats going on here they just dont seem to care. All of you if you want to order in SS fine but please make sure you place it in COD . dont pay upfront. because these guys are not .Only the taglines are attractive!",,,javascript:;,https://www.mouthshut.com/APP_THEMES/images/review/flag.svg,Flag This Review,Irrelevant,Fake,Junk,Thank You! We appreciate your effort.,https://www.mouthshut.com/Images/COMMON/loading_ajax.gif,https://www.mouthshut.com/Images/like-icon.svg,Like,1,https://www.mouthshut.com/Images/comment-icon.svg,Comments 0,https://www.mouthshut.com/Images/share.png,Share,Submit,Update,View more comments,ishusaxena466i,,
Reply as Brand,https://www.mouthshut.com/snigdhaanand88,https://image3.mouthshut.com/images/Offline/Common/Images/transparent.png,https://image3.mouthshut.com/images/Offline/Common/Images/transparent.png,snigdhaanand88,https://www.mouthshut.com/snigdhaanand88,India,2 Reviews,https://www.mouthshut.com/snigdhaanand88/reviews,Disappointing Purchase!,https://www.mouthshut.com/review/the-souled-store-lower-parel-mumbai-review-nqunqlllnrn,"Jul 13, 2018 08:36 AM",7009 Views,,,,Response Received,Ordered posters from here that looked amazing. The cost was approx 300-400 per poster. Obviously was expecting it to come with a frame at that cost. Ordered posters worth 3k and what I got was 8 sheets of paper rolled up in a box!,So so disappointing!,The return policy also only allows you to get credits back and not money returned back in your account. What will I do with so much credit if this is product quality.,javascript:;,https://www.mouthshut.com/APP_THEMES/images/review/flag.svg,Flag This Review,Irrelevant,Fake,Junk,Thank You! We appreciate your effort.,https://www.mouthshut.com/Images/COMMON/loading_ajax.gif,https://www.mouthshut.com/Images/like-icon.svg,Like,0,https://www.mouthshut.com/Images/comment-icon.svg,Comments 0,https://www.mouthshut.com/Images/share.png,Share,Submit,Update,View more comments,,1 Follower,https://www.mouthshut.com/account/trust_by.php?user=snigdhaanand88
Reply as Brand,https://www.mouthshut.com/jchande2,https://image3.mouthshut.com/images/Offline/Common/Images/transparent.png,https://image3.mouthshut.com/images/Offline/Common/Images/transparent.png,jchande2,https://www.mouthshut.com/jchande2,Mumbai India,1 Review,https://www.mouthshut.com/jchande2/reviews,Budget Friendly & Excellent Customer Service,https://www.mouthshut.com/review/the-souled-store-lower-parel-mumbai-review-lqrotoloqqn,"Apr 27, 2018 12:28 PM",6682 Views,,,,Response Received,The best part of their product line is that they are cheaper compared to other official merchandise sellers and quality is satisfactory(but not outstanding). Some of their products are printed from manufacturers after order is placed. so it may take additional time to deliver.(keep in mind while ordering),"I had ordered Harry Potter theme based 1 Mug, 2 Bages, 1 Sticker. I messed up with expected delivery time but the team was so supporting that they actually hand delivered the product through one of their employees in my office address even though they were not under any obligation to do so.",Cherry on the cake was that they also added a Hogwards 9 3/4 Platform ticket(which was not part of my order) with awesome write up on the same.,javascript:;,https://www.mouthshut.com/APP_THEMES/images/review/flag.svg,Flag This Review,Irrelevant,Fake,Junk,Thank You! We appreciate your effort.,https://www.mouthshut.com/Images/COMMON/loading_ajax.gif,https://www.mouthshut.com/Images/like-icon.svg,Like,0,https://www.mouthshut.com/Images/comment-icon.svg,Comments 0,https://www.mouthshut.com/Images/share.png,Share,Submit,Update,View more comments,,,
Reply as Brand,https://www.mouthshut.com/rashmirr88,https://image3.mouthshut.com/images/Offline/Common/Images/transparent.png,https://image3.mouthshut.com/images/Offline/Common/Images/transparent.png,rashmirr88,https://www.mouthshut.com/rashmirr88,India,1 Review,https://www.mouthshut.com/rashmirr88/reviews,Customer Care !! What is that,https://www.mouthshut.com/review/the-souled-store-lower-parel-mumbai-review-soluosnunqn,"Apr 04, 2018 11:44 AM",6682 Views,,,,Response Received,"I got a mail of successful payment and two mails of non payment of the same order.! Obviously confused, I called their land line contact. The lady attending must have had ""rolling eyes expression"" and was so disinterested that it made me resolve not to order anything from this website in future. Pathetic!",Dunno how will my order turn out to be.,,javascript:;,https://www.mouthshut.com/APP_THEMES/images/review/flag.svg,Flag This Review,Irrelevant,Fake,Junk,Thank You! We appreciate your effort.,https://www.mouthshut.com/Images/COMMON/loading_ajax.gif,https://www.mouthshut.com/Images/like-icon.svg,Like,0,https://www.mouthshut.com/Images/comment-icon.svg,Comments 1,https://www.mouthshut.com/Images/share.png,Share,Submit,Update,View more comments,,,
Reply as Brand,https://www.mouthshut.com/gurindernarang88,https://image3.mouthshut.com/images/Offline/Common/Images/transparent.png,https://image3.mouthshut.com/images/Offline/Common/Images/transparent.png,gurindernarang88,https://www.mouthshut.com/gurindernarang88,India,1 Review,https://www.mouthshut.com/gurindernarang88/reviews,Order delayed.,https://www.mouthshut.com/review/the-souled-store-lower-parel-mumbai-review-rsspmnonnqn,"Mar 29, 2018 09:04 AM",6040 Views,,,,Response Received,If you have the patience to wait for 15-20 days for an average product only then place the order. Really bad at delivery and no update whatsoever on the website. THE SOULED STORE: Come on guys we are not living in the 19th century please update yourself and please reply to the emails.,,,javascript:;,https://www.mouthshut.com/APP_THEMES/images/review/flag.svg,Flag This Review,Irrelevant,Fake,Junk,Thank You! We appreciate your effort.,https://www.mouthshut.com/Images/COMMON/loading_ajax.gif,https://www.mouthshut.com/Images/like-icon.svg,Like,0,https://www.mouthshut.com/Images/comment-icon.svg,Comments 0,https://www.mouthshut.com/Images/share.png,Share,Submit,Update,View more comments,,,
Reply as Brand,https://www.mouthshut.com/manojrajaram03,https://image3.mouthshut.com/images/Offline/Common/Images/transparent.png,https://image3.mouthshut.com/images/Offline/Common/Images/transparent.png,manojrajaram03,https://www.mouthshut.com/manojrajaram03,#NAME?,8 Reviews,https://www.mouthshut.com/manojrajaram03/reviews,Iron man tshirt,https://www.mouthshut.com/review/the-souled-store-lower-parel-mumbai-review-tnounsmnnqn,"Mar 29, 2018 01:16 AM",8720 Views,(via ),Android App,https://www.mouthshut.com/app,Response Received,This is one of the great print t shirt of marvels iron man  every  single die hard should have this tee.,Its glow in dark and looks great.,Feeling get after wearing it it just awsome .,javascript:;,https://www.mouthshut.com/APP_THEMES/images/review/flag.svg,Flag This Review,Irrelevant,Fake,Junk,Thank You! We appreciate your effort.,https://www.mouthshut.com/Images/COMMON/loading_ajax.gif,https://www.mouthshut.com/Images/like-icon.svg,Like,0,https://www.mouthshut.com/Images/comment-icon.svg,Comments 0,https://www.mouthshut.com/Images/share.png,Share,Submit,Update,View more comments,,,
Reply as Brand,https://www.mouthshut.com/soemnathdey383,https://image3.mouthshut.com/images/Offline/Common/Images/transparent.png,https://image3.mouthshut.com/images/Offline/Common/Images/transparent.png,soemnathdey383,https://www.mouthshut.com/soemnathdey383,India,1 Review,https://www.mouthshut.com/soemnathdey383/reviews,Refund goof ups!,https://www.mouthshut.com/review/the-souled-store-lower-parel-mumbai-review-qnnopumlrpn,"Jan 31, 2018 11:05 PM",5964 Views,(via ),Mobile,https://www.mouthshut.com/review/apis.aspx,Response Received,I am writing for website and online purchase experience.  Lots of satisfactory products. But I faced one failed transaction and one ordered and prepaid product not been delivered.  In both the cases the refund process was very lengthy. It took one month for both the cases.,,,javascript:;,https://www.mouthshut.com/APP_THEMES/images/review/flag.svg,Flag This Review,Irrelevant,Fake,Junk,Thank You! We appreciate your effort.,https://www.mouthshut.com/Images/COMMON/loading_ajax.gif,https://www.mouthshut.com/Images/like-icon.svg,Like,0,https://www.mouthshut.com/Images/comment-icon.svg,Comments 0,https://www.mouthshut.com/Images/share.png,Share,Submit,Update,View more comments,,,
Reply as Brand,https://www.mouthshut.com/Shaikh_Imaad,https://image3.mouthshut.com/images/Offline/Common/Images/transparent.png,https://image3.mouthshut.com/images/Offline/Common/Images/transparent.png,Shaikh_Imaad,https://www.mouthshut.com/shaikh_imaad,Mumbai India,67 Reviews,https://www.mouthshut.com/shaikh_imaad/reviews,Souled Store Review,https://www.mouthshut.com/review/the-souled-store-lower-parel-mumbai-review-nlnstmlrnpn,"Jan 09, 2018 02:10 PM",8596 Views,(via ),Android App,https://www.mouthshut.com/app,Response Received,"The Souled Store has a huge collection of superheroes merchandise starting from t-shirts, bags, mobile covers, mugs and much more.One can choose from a huge variety of superheroes accessories.The Store is very neat and looks very attractive to the eye.",The salesmen in the store were polite to me and I had a great shopping experience.The store has a good collection of merchandise but not as varied as the Souled Store website.Only authentic and branded products are available to purchase.The touch and feel experience makes it much more easier to shop and I definately would shop from the store again.,I definately recommend this website.This place is heaven to superheroes geeks and to collectors although the price of the products is a little bit on the costlier side otherwise it is all fine.The accessory collection of the store is far better than other merchandise stores.Souled Store is a big YES from me.,javascript:;,https://www.mouthshut.com/APP_THEMES/images/review/flag.svg,Flag This Review,Irrelevant,Fake,Junk,Thank You! We appreciate your effort.,https://www.mouthshut.com/Images/COMMON/loading_ajax.gif,https://www.mouthshut.com/Images/like-icon.svg,Like,2,https://www.mouthshut.com/Images/comment-icon.svg,Comments 0,https://www.mouthshut.com/Images/share.png,Share,Submit,Update,View more comments,manojrajaram03,58 Followers,https://www.mouthshut.com/account/trust_by.php?user=shaikh_imaad
Reply as Brand,https://www.mouthshut.com/ankitbhardwaj675,https://image3.mouthshut.com/images/Offline/Common/Images/transparent.png,https://image3.mouthshut.com/images/Offline/Common/Images/transparent.png,ankitbhardwaj675,https://www.mouthshut.com/ankitbhardwaj675,Jaipur India,10 Reviews,https://www.mouthshut.com/ankitbhardwaj675/reviews,"Best store for comic , superheroes , wwe etc",https://www.mouthshut.com/review/the-souled-store-lower-parel-mumbai-review-qqsrqonqron,"Dec 06, 2017 02:59 PM",3152 Views,(via ),Android App,https://www.mouthshut.com/app,Response Received,"This is a online store which provice tshirts , mugs , copies , bags , batches , carry bags . this store is for those who love superheroes , comics , cartoons , wwe etc. all mugs , copies , bags , batches , carrybags comes with a cool design of there fac characters at very cheap price and also provide reward point on every purchase . easy shipping and good service . and also it provide mobile covers of very cool superheros , comics , emand slogans etc . visit https://souledstore.com and buy your fav characters accessories.",,,javascript:;,https://www.mouthshut.com/APP_THEMES/images/review/flag.svg,Flag This Review,Irrelevant,Fake,Junk,Thank You! We appreciate your effort.,https://www.mouthshut.com/Images/COMMON/loading_ajax.gif,https://www.mouthshut.com/Images/like-icon.svg,Like,0,https://www.mouthshut.com/Images/comment-icon.svg,Comments 0,https://www.mouthshut.com/Images/share.png,Share,Submit,Update,View more comments,,1 Follower,https://www.mouthshut.com/account/trust_by.php?user=ankitbhardwaj675
Reply as Brand,https://www.mouthshut.com/weirdclown,https://image3.mouthshut.com/images/Offline/Common/Images/transparent.png,https://image3.mouthshut.com/images/Offline/Common/Images/transparent.png,weirdclown,https://www.mouthshut.com/weirdclown,"Sirsa, Haryana India",16 Reviews,https://www.mouthshut.com/weirdclown/reviews,Best Shopping Site for TEENAGERS!,https://www.mouthshut.com/review/the-souled-store-lower-parel-mumbai-review-uuursoprqon,"Dec 02, 2017 01:28 PM",3285 Views,(via ),Android App,https://www.mouthshut.com/app,Response Received,"This is the best ever site to buy products if you are a college or a school student. They have school bags, badges, notebooks, tshirts and many more things. Quality is best. You can trust them without any hesitation! The delivery is very fast and the quality is also very fab. The return policy is also very good. Overall its the best shopping site for a best trend!",,,javascript:;,https://www.mouthshut.com/APP_THEMES/images/review/flag.svg,Flag This Review,Irrelevant,Fake,Junk,Thank You! We appreciate your effort.,https://www.mouthshut.com/Images/COMMON/loading_ajax.gif,https://www.mouthshut.com/Images/like-icon.svg,Like,1,https://www.mouthshut.com/Images/comment-icon.svg,Comments 1,https://www.mouthshut.com/Images/share.png,Share,Submit,Update,View more comments,arorakaran412,11 Followers,https://www.mouthshut.com/account/trust_by.php?user=weirdclown
Reply as Brand,https://www.mouthshut.com/akshatajeya,https://image3.mouthshut.com/images/Offline/Common/Images/transparent.png,https://image3.mouthshut.com/images/Offline/Common/Images/transparent.png,akshatajeya,https://www.mouthshut.com/akshatajeya,India India,4 Reviews,https://www.mouthshut.com/akshatajeya/reviews,Soulfully Brilliant,https://www.mouthshut.com/review/the-souled-store-lower-parel-mumbai-review-msnmqsqlsnn,"Oct 23, 2017 01:36 PM",4501 Views,(via ),Android App,https://www.mouthshut.com/app,Response Received,This is my experience with the Souled Store.,I have ordered many tees from them and never had they ever disappointed me.,They provide the fastest shipping and most economical prices on their merchandise.,javascript:;,https://www.mouthshut.com/APP_THEMES/images/review/flag.svg,Flag This Review,Irrelevant,Fake,Junk,Thank You! We appreciate your effort.,https://www.mouthshut.com/Images/COMMON/loading_ajax.gif,https://www.mouthshut.com/Images/like-icon.svg,Like,0,https://www.mouthshut.com/Images/comment-icon.svg,Comments 0,https://www.mouthshut.com/Images/share.png,Share,Submit,Update,View more comments,,1 Follower,https://www.mouthshut.com/account/trust_by.php?user=akshatajeya
Reply as Brand,https://www.mouthshut.com/ahmadfarazz333,https://image3.mouthshut.com/images/Offline/Common/Images/transparent.png,https://image3.mouthshut.com/images/Offline/Common/Images/transparent.png,ahmadfarazz333,https://www.mouthshut.com/ahmadfarazz333,Aligarh India,27 Reviews,https://www.mouthshut.com/ahmadfarazz333/reviews,Soul inviting.,https://www.mouthshut.com/review/the-souled-store-lower-parel-mumbai-review-tlluqmltnnn,"Sep 23, 2017 03:20 PM",9963 Views,(via ),Mobile,https://www.mouthshut.com/review/apis.aspx,Response Received,"The souled store is really very good. Earlier I use to find superheroes merchandise at different websites and was not satisfied but this souled store have won my heart. This delivery is really good. It delivers within 3-4 days. The quality of tshirts are very nice. It has really huge collection of funky backpacks, notebooks, tees and badges. They also gives you reward points, so you can use them for discounts for your next purchase. I liked souled store very much.",,,javascript:;,https://www.mouthshut.com/APP_THEMES/images/review/flag.svg,Flag This Review,Irrelevant,Fake,Junk,Thank You! We appreciate your effort.,https://www.mouthshut.com/Images/COMMON/loading_ajax.gif,https://www.mouthshut.com/Images/like-icon.svg,Like,0,https://www.mouthshut.com/Images/comment-icon.svg,Comments 0,https://www.mouthshut.com/Images/share.png,Share,Submit,Update,View more comments,,2 Followers,https://www.mouthshut.com/account/trust_by.php?user=ahmadfarazz333
Reply as Brand,https://www.mouthshut.com/frhan_reddevil,https://image3.mouthshut.com/images/Offline/Common/Images/transparent.png,https://image3.mouthshut.com/images/Offline/Common/Images/transparent.png,frhan_reddevil,https://www.mouthshut.com/frhan_reddevil,Mumbai India,16 Reviews,https://www.mouthshut.com/frhan_reddevil/reviews,Amazing Tshirts,https://www.mouthshut.com/review/the-souled-store-lower-parel-mumbai-review-qpnpnltprum,"May 31, 2017 12:39 PM",10413 Views,(via ),iOS App,https://www.mouthshut.com/app,Response Received,"So I saw their Tshirts on Facebook and there were some great designs of superheroes and my favourite tv shows! But I had some doubts ordering clothing online cause I like to wear and make sure that the tshirts feel comfortable to me before buying! ofcourse I couldnt do that online! Also Im a fat guy So Perfect size was also the problem but still I took a chance and ordered a tshirt because I couldnt resist the designs of their tshirts! The tshirt was delivered withing 3 days which made me super happy! The payment options offered by them were also very much convenient! The quality of the tshirts were just out of this world! As soon as I wore the tshirt it felt so comfortable! The size was also perfect, removing all the doubts in my mind! Since then Ive ordered 3 tshirts and it has been a wonderful shopping experience! Im a very satisfied consumer and I recommend all of you to buy from this company!",,,javascript:;,https://www.mouthshut.com/APP_THEMES/images/review/flag.svg,Flag This Review,Irrelevant,Fake,Junk,Thank You! We appreciate your effort.,https://www.mouthshut.com/Images/COMMON/loading_ajax.gif,https://www.mouthshut.com/Images/like-icon.svg,Like,1,https://www.mouthshut.com/Images/comment-icon.svg,Comments 0,https://www.mouthshut.com/Images/share.png,Share,Submit,Update,View more comments,arijitwangdi,3 Followers,https://www.mouthshut.com/account/trust_by.php?user=frhan_reddevil
Reply as Brand,https://www.mouthshut.com/poojie7,https://image3.mouthshut.com/images/Offline/Common/Images/transparent.png,https://image3.mouthshut.com/images/Offline/Common/Images/transparent.png,poojie7,https://www.mouthshut.com/poojie7,India,1 Review,https://www.mouthshut.com/poojie7/reviews,Order mess up - delay and undone cancellation,https://www.mouthshut.com/review/the-souled-store-lower-parel-mumbai-review-tmuoqoumttm,"Apr 29, 2017 12:29 AM",6283 Views,,,,Response Received,Her star rating should be available for this site,I DID NOT cancel the order but I got a mail saying the order is cancelled.,What is wrong with the site?,javascript:;,https://www.mouthshut.com/APP_THEMES/images/review/flag.svg,Flag This Review,Irrelevant,Fake,Junk,Thank You! We appreciate your effort.,https://www.mouthshut.com/Images/COMMON/loading_ajax.gif,https://www.mouthshut.com/Images/like-icon.svg,Like,1,https://www.mouthshut.com/Images/comment-icon.svg,Comments 0,https://www.mouthshut.com/Images/share.png,Share,Submit,Update,View more comments,gurindernarang88,,
Reply as Brand,https://www.mouthshut.com/xudip,https://image3.mouthshut.com/images/Offline/Common/Images/transparent.png,https://image3.mouthshut.com/images/Offline/Common/Images/transparent.png,xudip,https://www.mouthshut.com/xudip,Bangalore India,26 Reviews,https://www.mouthshut.com/xudip/reviews,The Souled Army!!,https://www.mouthshut.com/review/the-souled-store-lower-parel-mumbai-review-somntpuurnm,"Sep 15, 2016 03:59 PM",12068 Views,,,,Response Received,"I came across Souled store official site through facebook. It's a newly launched website that has a good collection of t-shirts at a reasonable price. One can also buy payjamas, boxers, wall art, badges, etc. I was recently surfing through their website & found the Tee's to be amazingly cool with respect to the design. I have already ordered a boxer & have been wearing a wwe ""The Rock"" themed t-shirt. The quality of the cloth is good & it doesn't wear out any sort of color after repeated washing. I didn't notice any bubbles too which is frequent when u shop from online. Overall it has been a decent experience & I would recommend you people to check out once before deciding to buy from another xyz site. One more thing, you can customize your own t-shirt with some catchy quotes from your favorite anime or TV series. Hope this helps!:)",,,javascript:;,https://www.mouthshut.com/APP_THEMES/images/review/flag.svg,Flag This Review,Irrelevant,Fake,Junk,Thank You! We appreciate your effort.,https://www.mouthshut.com/Images/COMMON/loading_ajax.gif,https://www.mouthshut.com/Images/like-icon.svg,Like,0,https://www.mouthshut.com/Images/comment-icon.svg,Comments 0,https://www.mouthshut.com/Images/share.png,Share,Submit,Update,View more comments,,24 Followers,https://www.mouthshut.com/account/trust_by.php?user=xudip
,,,,,,,,,,,,,,,,,,,,,,,,,,,,,,,,,,,2,1,3,,,
Latest,,,,,,,,,,,,,,,,,,,,,,,,,,,,,,,,,,,,,,,,
Reply as Brand,https://www.mouthshut.com/Prashanth852615,https://image3.mouthshut.com/images/imagesu/m/Prashanth852615.png,https://image3.mouthshut.com/images/Offline/Common/Images/Badge/popular.png,Prashanth852615,https://www.mouthshut.com/prashanth852615,Hyderabad India,469 Reviews,https://www.mouthshut.com/prashanth852615/reviews,The  Souled Store,https://www.mouthshut.com/review/the-souled-store-lower-parel-mumbai-review-pormrqlpru,"Feb 08, 2016 04:27 PM",13010 Views,,,,Response Received,"This store or website is really very different from all the stores, the main difference I observed after order confirmation it generates a reward points and the reward points which generated can be used for other purchase, and the products are good they maintain a very good quality I have ordered wwe tees and the quality is very good though It costed 50 rs for shipping It is good , I can recommend this is every one .",As of now I am expecting more products from this site so this site will be attracting many view from public even.,,javascript:;,https://www.mouthshut.com/APP_THEMES/images/review/flag.svg,Flag This Review,Irrelevant,Fake,Junk,Thank You! We appreciate your effort.,https://www.mouthshut.com/Images/COMMON/loading_ajax.gif,https://www.mouthshut.com/Images/like-icon.svg,Like,1,https://www.mouthshut.com/Images/comment-icon.svg,Comments 1,https://www.mouthshut.com/Images/share.png,Share,Submit,Update,View more comments,vasanthangk,193 Followers,https://www.mouthshut.com/account/trust_by.php?user=prashanth852615
,,,,,,,,,,,,,,,,,,,,,,,,,,,,,,,,,,,3,1,2,,,
