Title,Series,MRP,SP,Discount
Deadpool: Kill For Tacos,T-Shirts,,799,0
Harry Potter: Hogwarts,Zipper Polos,,1299,0
Naruto: Yin-Yang,Oversized T-Shirts,,899,0
Naruto: Itachi Uchiha,Oversized T-Shirts,,1049,0
Baki Hanma: You Shouldn't Have,Oversized T-Shirts,,1299,0
Harry Potter: Slytherin,T-Shirts,,599,0
Deadpool: Anti-Hero,Oversized T-Shirts,,1399,0
Transformers: Bumblebee,Oversized T-Shirts,,949,0
Baki Hanma: The Strongest,Oversized T-Shirts,,999,0
Black Panther: Wakanda Forever,Zipper Polos,,999,0
Marvel: Loki God Of Mischief,Zipper Polos,,999,0
Punisher: It's Time,T-Shirts,,749,0
Punisher: Skull,Zipper Polos,,999,0
Solids: Regal Black,Oversized Polos,,1299,0
Superman: Man Of Steel,Polos,,1299,0
TSS Originals: Cadmium,Zipper Polos,,1049,0
TSS Originals: Kale,Hooded T-Shirts,,1499,0
Top Gun: 1986,Polos,,1299,0
Jungle Book: Jungle Tales,Oversized T-Shirts,,899,0
Solids: Yellow,Oversized T-Shirts,999,699,30
Harry Potter: Death Eater,Oversized T-Shirts,,999,0
Punisher: Classic Logo,T-Shirts,699,549,21
TSS Originals: Fusion Bandana,Oversized T-Shirts,,949,0
Punisher: Cold Fury,Oversized T-Shirts,,1049,0
Naruto: Sasuke,Oversized Full Sleeve T-Shirts,,999,0
Tie-Dye: Grape Wine,Oversized Full Sleeve T-Shirts,,999,0
Batman: 3D Logo,T-Shirts,,799,0
Solids: Black & White Colourblock,Polos,,999,0
The Godfather: Corleone,T-Shirts,,799,0
Joker: Forever Evil,Oversized T-Shirts,,999,0
DC: Batman Logo,Drop Cut T-Shirts,,899,0
Solids: Electric Blue,Oversized T-Shirts,,699,0
TSS Originals: Cactus,Oversized T-Shirts,,899,0
TSS Originals: Poster,Oversized T-Shirts,,1049,0
Looney Tunes: The Coyote,T-Shirts,,649,0
The Office: I Manage,T-Shirts,,699,0
Classic Sustainable Tee: Wine,T-Shirts,,599,0
Courage: Kinda Antisocial,T-Shirts,,799,0
Harry Potter: Gryffindor Rugby Set,Hooded T-Shirts,,1299,0
TSS Originals: Sphinx,Oversized Full Sleeve T-Shirts,,1299,0
Deadpool: Action Packed,Oversized T-Shirts,,1199,0
Classic Sustainable Tee: Emerald Green,T-Shirts,699,549,21
Solids: Eggshell White,Oversized T-Shirts,,899,0
Solids: Black,Oversized T-Shirts,999,799,20
Minions: Procrastinator,T-Shirts,,649,0
Batman: Wayne Industries,Drop Cut T-Shirts,,749,0
F.R.I.E.N.D.S: How You Doin,T-Shirts,,849,0
Marvel: Deadly Duo,Hooded T-Shirts,,1299,0
Solids: Mossy Green,T-Shirts,,599,0
Deadpool: Self-Love,Oversized T-Shirts,,1049,0
One Piece: Going Merry,Oversized T-Shirts,,1249,0
TSS Originals: In Spirit,Oversized T-Shirts,,1299,0
Tom & Jerry: Toasted,Oversized T-Shirts,,1199,0
Spider-Man: Miles Logo,T-Shirts,,549,0
Solids: Berry Blue,Oversized Polos,,1299,0
Solids: Navy Blue,Oversized T-Shirts,,899,0
Popeye: Seas The Day,Oversized T-Shirts,,1499,0
Supima: Wine Red,Supima T-Shirts,,999,0
The Godfather: Honor,Oversized Full Sleeve T-Shirts,,899,0
Kung Fu Panda: Back Off,Oversized T-Shirts,,999,0
Solids: Vintage Blue,T-Shirts,,599,0
TSS Originals: Blue Melange,Men Full Sleeve T-Shirts,,999,0
Solids: Emerald Green,Oversized T-Shirts,,899,0
Deadpool: Let's Go!,Oversized T-Shirts,,1049,0
Peanuts: Snoopy Sketch,Oversized T-Shirts,,999,0
Solids: Black (Oversized),Oversized Full Sleeve T-Shirts,,999,0
Solids: Berry,Oversized T-Shirts,,999,0
ISRO: An Endless Adventure,T-Shirts,699,499,29
TSS Originals: Spirit Mosaic,Oversized T-Shirts,,1299,0
Solids: Aster,Polos,,899,0
Solids: Brown Sugar,Oversized T-Shirts,999,799,20
Supima: Deep Brown,Supima T-Shirts,,999,0
The Boys: Doodle,Oversized T-Shirts,,899,0
Disney: Goofy The Goof,Oversized T-Shirts,,999,0
Solids: Sky Blue,T-Shirts,599,349,42
The Godfather: Five Families,T-Shirts,,849,0
Solids: Quince,Oversized T-Shirts,,899,0
Spider-Man: Radioactive,Oversized Full Sleeve T-Shirts,,999,0
TSS Originals: Made By Humans,Hooded T-Shirts,,1499,0
Jurassic Park: Logo,Oversized T-Shirts,,1049,0
Supima: Charcoal Grey,Supima T-Shirts,,999,0
TSS Originals: Trippy Blaze,Oversized Full Sleeve T-Shirts,,999,0
Peanuts: Reckless,Oversized Full Sleeve T-Shirts,,899,0
Black Panther: Wakanda Forever,Hooded T-Shirts,,1399,0
Solids: Classic Red,Oversized T-Shirts,999,699,30
Manchester City: Champs Forever,Men Rugby Polos,,1299,0
F.R.I.E.N.D.S: Chillin',T-Shirts,,599,0
Looney Tunes: Bugs Bunny,Oversized T-Shirts,,999,0
Tom & Jerry: The Chase,Oversized T-Shirts,,1049,0
The Boys: The Real Hero,Oversized T-Shirts,,1049,0
Solids: Pine Green,Oversized T-Shirts,,999,0
Naruto: Jiraya,Oversized T-Shirts,,1299,0
Supima: Soft Blue,Supima T-Shirts,,999,0
Rick And Morty: Portal To Happiness,Oversized T-Shirts,,1299,0
Batman: Die A Hero,Oversized T-Shirts,,1049,0
The Witcher: Basilisk,Oversized T-Shirts,,999,0
Tom & Jerry: Munching Mischief,Oversized T-Shirts,,999,0
TSS Originals: Street Division,Men Rugby Polos,,1299,0
Solids: White,T-Shirts,,499,0
Solids: Black,T-Shirts,,599,0
TSS Originals: Antique Red,Oversized Polos,,1249,0
TSS Originals: Cinnamon,Zipper Polos,,999,0
Bugs Bunny: Dayum,Oversized T-Shirts,,1049,0
Harry Potter: Slytherin Gang,Oversized T-Shirts,,999,0
Black Panther: Panther Power,Oversized T-Shirts,,1049,0
Popeye: Spinach Power,Oversized T-Shirts,,999,0
Garfield: Guarding Me?,Hooded T-Shirts,1399,999,29
Classic Sustainable Tee: Coffee Brown,T-Shirts,,599,0
Rick & Morty: Wubba Lubba Dub Dub,Oversized T-Shirts,,1049,0
Marvel: Superhero Shades,Zipper Polos,,1049,0
Wolverine: Clawed,T-Shirts,,999,0
Deadpool: Let's Kick Bad Guys,T-Shirts,,699,0
Lord Of The Rings: You Shall Not Pass,Oversized T-Shirts,,949,0
TSS Originals: Chillin',Oversized T-Shirts,,949,0
Supima: Dark Grey,Supima T-Shirts,,999,0
Disney: Bare Necessities,T-Shirts,,599,0
TSS Originals: Shroomy Vibes,Oversized T-Shirts,,899,0
Solids: Rouge Red,Oversized T-Shirts,,999,0
Richie Rich: Exact Change,Oversized T-Shirts,,999,0
Solids: Denim Blue,Oversized T-Shirts,999,549,45
Marvel: Creative Chaos,Oversized T-Shirts,,1199,0
Rick and Morty: Reality,Oversized T-Shirts,,999,0
TSS Originals: Happy High,Oversized T-Shirts,,899,0
Minions: Blah Blah Blah,Oversized T-Shirts,,1049,0
Supima: White,Supima T-Shirts,,999,0
Captain America: Super Soldier,Hooded T-Shirts,,899,0
Supima: Sparkling Orange,Supima T-Shirts,,999,0
Punisher: Logo,Oversized Polos,,1099,0
Solids: Off White,Oversized T-Shirts,,999,0
Brooklyn Nine-Nine: 99th Precinct,Oversized T-Shirts,,1049,0
Garfield: Espresso Yourself,T-Shirts,,799,0
Solids: Deep Lavender,Oversized T-Shirts,999,749,25
Monopoly: Broke!,T-Shirts,,599,0
Solids: Washed Blue,T-Shirts,699,499,29
Squid Game: Front Man,Oversized Full Sleeve T-Shirts,,999,0
Looney Tunes: Serial Chiller,Men Relaxed Fit T-Shirts,799,599,25
Supima: Dusty Pink,Supima T-Shirts,,999,0
Supima: Light Olive,Supima T-Shirts,,999,0
Solids: Burgundy,T-Shirts,,649,0
Marvel: Comic Cards,Oversized T-Shirts,,1049,0
TSS Originals: Jasper,Oversized Full Sleeve T-Shirts,,999,0
TSS Originals: Red,Oversized T-Shirts,999,799,20
Kung Fu Panda: Dragon Warrior,Oversized T-Shirts,,1049,0
Looney Tunes: Did Somebody Say..,Oversized T-Shirts,,999,0
Naruto: Uzumaki,Men Relaxed Fit T-Shirts,,799,0
The Boys: F*cking Diabolical,Oversized T-Shirts,999,699,30
Minions: Just Perfect,Polos,,799,0
Solids: Rhubarb,Mandarin Polos,,849,0
TSS Original: God Of Death,Oversized T-Shirts,,949,0
"Solids: Black, White (Colourblock)",Hooded T-Shirts,,899,0
Jurassic Park: Logo (Vintage Wash),Oversized T-Shirts,,1049,0
Batman: The Emblem,Drop Cut T-Shirts,,899,0
Top Gun: Jets,Oversized T-Shirts,,1049,0
One Piece: Straw Hat Pirates,T-Shirts,,599,0
Batman: Logo (Drip),T-Shirts,,999,0
F.R.I.E.N.D.S: Doodle Fusion,Oversized T-Shirts,,1049,0
Truck Art: Iron Man,Oversized T-Shirts,,949,0
Marvel: Avenger 63,Polos,,1299,0
Classic Sustainable Tee: Charcoal Black,Oversized T-Shirts,999,749,25
Popeye: Bring Em On,Oversized Full Sleeve T-Shirts,,999,0
Black Panther: Mask 66,Oversized Polos,,1299,0
Spider-Man: Pavitr Prabhakar,Oversized T-Shirts,,949,0
Supima: Stone Brown,Supima T-Shirts,,999,0
Solids: Maroon,Oversized T-Shirts,,799,0
Solids: Sea Blue,Oversized T-Shirts,,799,0
Truck Art: Deadpool,Oversized T-Shirts,,1049,0
Courage: Existential Crisis,T-Shirts,,699,0
Solids: White & Berry Colourblock,Oversized Polos,,1399,0
Hulk: The Incredible,Oversized T-Shirts,,1299,0
Solids: Pastel Pink,Oversized Full Sleeve T-Shirts,1199,799,33
TSS Originals: Beary Cute,T-Shirts,699,449,36
Classic Sustainable Tee: Cocoa Brown,Oversized T-Shirts,,999,0
TSS Originals: Scarlet Scale,Men Rugby Polos,,1049,0
Donald Duck: Stripes,T-Shirts,,699,0
Jurassic Park: Roaring Times,Oversized T-Shirts,,999,0
Superman: Man Of Steel,T-Shirts,,649,0
TSS Originals: Later Hater,Oversized T-Shirts,999,699,30
TSS Originals: Mosaic Blue,Oversized Full Sleeve T-Shirts,,999,0
Solids: White,Oversized T-Shirts,,899,0
Hulk: Gamma Fury,Oversized T-Shirts,,1499,0
Alien Invasion: Exploring Earth,Oversized T-Shirts,,1049,0
Archie: Riverdale Varsity,Oversized T-Shirts,,849,0
Top Gun: Maverick Polo,Oversized Polos,,1299,0
Batman: Gotham Guardian,Oversized T-Shirts,,999,0
TSS Originals: Astro Rock,Oversized T-Shirts,,999,0
ISRO: India Pride,Oversized T-Shirts,,999,0
Truck Art: Doctor Strange,Oversized T-Shirts,,1049,0
Solids Rugby Polo: Navy Striped,Men Rugby Polos,,1049,0
Tom And Jerry: Angry Tom,Oversized T-Shirts,,899,0
Naruto: Battle Ready,Oversized T-Shirts,,1049,0
Solids: Deep Lavender,T-Shirts,,599,0
TMNT: The Squad,T-Shirts,,799,0
Solids: Sage Green,Oversized T-Shirts,999,599,40
Avengers: The Heroes,Oversized T-Shirts,,1299,0
Rick & Morty: Morty-fied,Oversized T-Shirts,999,699,30
Captain America: The First Avenger,T-Shirts,,599,0
Wolverine: Weapon X,Oversized T-Shirts,,1049,0
Rick & Morty: Interdimensional,Oversized T-Shirts,,999,0
Batman: Caped Crusader,Hooded T-Shirts,,999,0
Solids: Powder Blue,Oversized T-Shirts,,899,0
Looney Tunes: Jammin,Hooded T-Shirts,1199,749,38
Supima: Aqua Blue,Supima T-Shirts,,999,0
House of the Dragon: Fire and Blood,Men Relaxed Fit T-Shirts,,599,0
Solids: Yellow Ochre,Oversized T-Shirts,,799,0
Rick And Morty: Escape,Hooded T-Shirts,1199,699,42
Scooby Doo: Halloween,Oversized T-Shirts,,799,0
Ghost Rider: Spirit Of Vengeance,Oversized T-Shirts,999,799,20
Utility T-shirt: Blaze,Oversized T-Shirts,,1049,0
TSS Originals: Iris,Hooded T-Shirts,,1499,0
TSS Originals: Irish,Oversized Full Sleeve T-Shirts,,999,0
Spider-Man: Logo (Colourblock),Zipper Polos,,1399,0
The Boys: Logo,Men Relaxed Fit T-Shirts,,749,0
Rick And Morty: Morty Universe,Oversized T-Shirts,999,749,25
TSS Originals: Mumbai,Oversized T-Shirts,,899,0
Solids: Superhero Red,Oversized T-Shirts,899,799,11
DC: Batman Beyond,Oversized T-Shirts,,1299,0
Deadpool: Dogpool,Oversized T-Shirts,,899,0
Venom: Desi,Oversized T-Shirts,,949,0
Superman: The Man of Steel,Oversized T-Shirts,,899,0
Tom And Jerry: Devious Duo,Oversized T-Shirts,,999,0
Spider-Man: Sigil,T-Shirts,,599,0
Solids: Off White and Yellow,Hooded T-Shirts,1199,849,29
Naruto: Believe it,Oversized T-Shirts,999,699,30
DC: Batman & Nightwing,Hooded T-Shirts,,1399,0
Courage: Same Shit,T-Shirts,,999,0
Naruto: Ghost of Uchiha,Oversized T-Shirts,,1049,0
Naruto: Sannin,Oversized T-Shirts,,1049,0
TSS Originals: Shadow,Oversized T-Shirts,,1499,0
Batman: The Dark Knight,Hooded T-Shirts,,1399,0
Avatar: Balance,Oversized T-Shirts,,999,0
Supima: Peach,Supima T-Shirts,,999,0
TSS Originals: Stitch,Oversized T-Shirts,,1499,0
Dungeons & Dragons: Owlbear,T-Shirts,,599,0
Naruto: Uchiha Clan,Oversized Full Sleeve T-Shirts,1299,799,38
Supima: Faded Denim,Supima T-Shirts,,999,0
Supima: Lime Green,Supima T-Shirts,,999,0
TMNT: Cowabunga,Oversized T-Shirts,,1049,0
Iron Man: Logo,Oversized T-Shirts,,999,0
Naruto: Gaara of the Sand,Men Relaxed Fit T-Shirts,,749,0
Star Wars: Galactic Outlaw,Hooded T-Shirts,1399,999,29
Harry Potter: Quidditch Champ,Men Rugby Polos,,1299,0
Solids: Maroon,Oversized T-Shirts,999,699,30
Solids: Jade Green,Oversized T-Shirts,999,549,45
Kung Fu Panda: Master Of Chi,Oversized T-Shirts,,1299,0
Tom And Jerry: Thinking Tom,T-Shirts,,899,0
Disney: Donald Duck Attitude,Oversized T-Shirts,,999,0
Punisher: Lethal Mode,Oversized T-Shirts,,999,0
Shazam: Thunderbolt,T-Shirts,,649,0
Solid: White,Jerseys,,599,0
Superman: The Classic Symbol,T-Shirts,,599,0
Dungeons & Dragons: Vintage,Hooded T-Shirts,,1049,0
Tom And Jerry: Crime Time,T-Shirts,,699,0
TSS Originals: Topaz Tint,Oversized Polos,,1299,0
Avatar: Make Tea Not War,Oversized T-Shirts,,1049,0
TSS Originals: Scribbles,Oversized T-Shirts,,1299,0
Marvel: Comic Nerd,T-Shirts,,799,0
Solids: Black,Polos,,1049,0
Solids: Orange Blaze,Oversized T-Shirts,,849,0
Batman: Madness In Gotham,Oversized T-Shirts,999,649,35
Solids: Baltic Sea,Polos,999,699,30
TSS Originals: Furious Dragon,Oversized Polos,,1499,0
TSS Originals: Mudart,Hooded T-Shirts,,1499,0
Iron Man: Arc Reactor (Glow In The Dark),Drop Cut T-Shirts,,999,0
Batman: The Bat Sigil,Oversized T-Shirts,,1049,0
FRIENDS: The Frame,Oversized T-Shirts,,899,0
Looney Tunes: The Squad,T-Shirts,,549,0
Shazam: Realm of Gods,Oversized T-Shirts,,849,0
Mickey Mouse: Yo,Oversized T-Shirts,,999,0
Top Gun: Logo,T-Shirts,,799,0
Solids: Light Orange,Oversized T-Shirts,,799,0
Truck Art: Black Panther,Oversized T-Shirts,999,749,25
Tie-Dye: Blue Topaz,Oversized Full Sleeve T-Shirts,,999,0
Solids: Soft Brown,Oversized T-Shirts,,999,0
Solids: Powder Blue,T-Shirts,599,449,25
TSS Originals: Acid Drip,Oversized T-Shirts,,1299,0
Wolverine: Come Together,Oversized T-Shirts,,1299,0
Harry Potter: Snitch 07,Oversized Polos,,1299,0
Dexter: Power of Science,Oversized T-Shirts,,1049,0
TSS Originals: Merlot Navy,Oversized Full Sleeve T-Shirts,1199,799,33
Samurai Jack: Blade Of Honor,Oversized Full Sleeve T-Shirts,,999,0
Classic Sustainable Tee: Airforce Blue,T-Shirts,,599,0
Supima: Soft Pink,Supima T-Shirts,,999,0
Dungeons & Dragons: Fighters Club,Men Rugby Polos,,1299,0
Money Heist: Master Mind Berlin,Oversized T-Shirts,999,599,40
Marvel: Wakanda Forever Colourblock,T-Shirts,,699,0
TSS Originals: Canton,Oversized T-Shirts,,899,0
Solids: Navy Blue,T-Shirts,599,319,47
TSS Originals: Cinnabar,Oversized Polos,999,699,30
Kung Fu Panda: Not Interested,Oversized Full Sleeve T-Shirts,,999,0
Jurassic Park: Prehistoric Paradise (Vintage Wash),Oversized T-Shirts,,1049,0
Solids: Sage Green,T-Shirts,699,399,43
Naruto: Itachi Uchiha,T-Shirts,,749,0
Dungeons & Dragons: Dungeon Master,T-Shirts,699,399,43
Classic Sustainable Tee: Emerald Green,T-Shirts,,599,0
Harry Potter: Slytherin Rugby Set,Hooded T-Shirts,,1499,0
Peanuts: Old School,T-Shirts,,649,0
Rick & Morty: Done with this Universe,Oversized T-Shirts,,999,0
House of the Dragon: Caraxes,Hooded T-Shirts,,1399,0
Disney: Jungle Book Baloo,T-Shirts,699,549,21
Justice League: Comic Time,T-Shirts,,849,0
TSS Originals: 2013,Oversized T-Shirts,,1299,0
Captain America: The Super Soldier,Oversized Full Sleeve T-Shirts,,799,0
Spider-Man: Amazing Spiderman,Oversized T-Shirts,999,699,30
Solids: Nude Pink,Hooded T-Shirts,1199,649,46
Ant-Man: Kang The Conqueror,Oversized T-Shirts,999,549,45
Naruto: Kakashi Hatake,Men Rugby Polos,,1049,0
The Boys: Never Meet Your Heroes,Oversized T-Shirts,999,699,30
Solids: Dark Olive Green,Oversized Polos,,1299,0
Naruto: Kakashi,Hooded T-Shirts,999,799,20
Seinfeld: Faces,T-Shirts,699,549,21
Solids: Pale Purple,Oversized Full Sleeve T-Shirts,1199,799,33
Black Panther: Graphic Logo,T-Shirts,,649,0
Jersey T-Shirt: White,Jerseys,,366,0
Solids: Berry,Oversized Full Sleeve T-Shirts,,999,0
House Of The Dragon: Logo,T-Shirts,,649,0
Solids: Ash Grey,Oversized T-Shirts,,799,0
Avatar: Zuko,Oversized T-Shirts,,899,0
Batman: Kick Of Vengence,Oversized T-Shirts,999,749,25
Solids: Serene Green,T-Shirts,699,499,29
TSS Originals: Peace,Oversized T-Shirts,,1049,0
Truck Art: Looney Tunes,Oversized T-Shirts,,1049,0
TMNT: Ninjas,Oversized T-Shirts,999,749,25
Star Wars: Dark Lord,Oversized T-Shirts,,1049,0
Ed Sheeran: Bad Habits,Oversized T-Shirts,949,699,26
TSS Originals: High As Hell,Oversized T-Shirts,,699,0
Solids: Berry (Utility),Oversized T-Shirts,,899,0
Looney Tunes: Magic Mushroom,Oversized T-Shirts,,1299,0
TSS Originals: Break Free Turtle,Oversized T-Shirts,,999,0
Solids: White,Mandarin Polos,,899,0
Garfield: Cool Cat,Oversized T-Shirts,,999,0
TSS Originals: Radiant,Oversized Full Sleeve T-Shirts,,999,0
Scooby Doo: Mystery Club,Oversized T-Shirts,,999,0
Tarot: Batman,Oversized Full Sleeve T-Shirts,,999,0
Batman: Paisley,Oversized Full Sleeve T-Shirts,,999,0
Hulk: Time To Smash (Vintage Wash),Oversized T-Shirts,,999,0
Felix The Cat: Vibin',T-Shirts,,599,0
Justice League: Legendary (Utility),Oversized T-Shirts,,849,0
The Boys: Don't Be A C*nt,Oversized T-Shirts,,999,0
Joker: Certified Insane,Oversized T-Shirts,,999,0
FCB: Mes Que Un Club,T-Shirts,,749,0
Marvel: Logo,Oversized T-Shirts,,1049,0
Justice League: Classic Logo,Men Relaxed Fit T-Shirts,,499,0
Aquaman: King of Atlantis,Hooded T-Shirts,1199,949,21
Solids: Blue,Jerseys,499,249,50
Naruto: Yellow Flash,Oversized T-Shirts,,999,0
Solids: Airy Blue,Oversized T-Shirts,999,699,30
Breaking Bad: Science B*tch,Oversized T-Shirts,,899,0
Iron-Man: Graffiti,Oversized Full Sleeve T-Shirts,,999,0
Solids: Sunshine Yellow,Henley T-Shirts,,599,0
Tom And Jerry: Cheese The Day,T-Shirts,,849,0
Transformers: Optimus Prime,Oversized T-Shirts,999,599,40
Captain America: Comic Time,T-Shirts,,549,0
Avatar: The Way,Oversized T-Shirts,,899,0
Lion King: Hakuna Matata,Oversized T-Shirts,,1299,0
Cars: Lightning McQueen,Oversized T-Shirts,,1049,0
Black Panther: The Mask,Mandarin Polos,,1049,0
Rebel Moon: Galactic,Oversized T-Shirts,,999,0
House of the Dragon: Logo,Men Relaxed Fit T-Shirts,,649,0
That's What She Said,T-Shirts,,799,0
Stripes: Timeless Noir,Oversized Polos,,999,0
Squid Game: Let's Play,Oversized T-Shirts,,1049,0
TSS Originals: Unleash The Dragon,Oversized T-Shirts,,899,0
Peanuts: Favorite Dog,T-Shirts,,799,0
Solids: Apricot,Polos,999,649,35
Solids: Sailor,Polos,,1049,0
TSS Originals: Positivi-Tea,T-Shirts,,699,0
Garfield: Smile,Oversized T-Shirts,,1049,0
The Office: Michael Scott,Oversized T-Shirts,,1299,0
TSS Originals: Real Life Story,Oversized T-Shirts,,1399,0
Solids: Dusty Peach,Mandarin Polos,,899,0
Solids: Warm Grey,T-Shirts,,799,0
Peanuts: Keepin It Cool,Oversized T-Shirts,,1049,0
Avengers: Suit,Zipper Polos,,1399,0
TSS Originals: Delhi,Oversized T-Shirts,999,799,20
Solids: Red,T-Shirts,,399,0
TMNT: Rebel,Oversized T-Shirts,,899,0
Truck Art: Spider-Man,Oversized T-Shirts,999,699,30
Daffy Duck: Prankster,Oversized T-Shirts,,999,0
Star Wars: Dark Side,Oversized T-Shirts,,1049,0
One Piece: Luffy The Pirate King,Oversized T-Shirts,999,749,25
TSS Originals: Cyber Vigilante,Oversized T-Shirts,,999,0
Marvel: Venom,Oversized T-Shirts,,1049,0
Naruto: Gaara Vs Lee,Oversized T-Shirts,,849,0
Black Panther: Wakanda Tribe,Oversized T-Shirts,,1049,0
Naruto: Uchiha Brothers,Oversized T-Shirts,,1299,0
Rick And Morty: Adventure,T-Shirts,,899,0
The Mandalorian: This Is The Way,Oversized Full Sleeve T-Shirts,1199,799,33
Solids: Burnt Sienna Brown,T-Shirts,,799,0
Deadpool: Newest Badass,T-Shirts,,799,0
TSS Originals: Pocket,Oversized T-Shirts,,1499,0
Garfield: Lazy AF,T-Shirts,,649,0
Solids: Denim Blue Colourblock,Oversized Polos,999,749,25
TSS Originals: Purple,Oversized T-Shirts,,1549,0
Naruto: Uzumaki 10,Oversized Jerseys,999,799,20
Breaking Bad: Walter & Jesse,Oversized T-Shirts,,1049,0
Star Wars: The Mandalorian,Hooded T-Shirts,,1049,0
ISRO: Chandrayaan 3,Oversized T-Shirts,999,599,40
Pink Panther: Hard Life,Oversized T-Shirts,999,599,40
Iron Man: Logo (Colourblock),Zipper Polos,,1049,0
Dungeons & Dragons: Roll,T-Shirts,699,349,50
Solids: Persian Pink,Mandarin Polos,999,799,20
Popeye: Fight Time,T-Shirts,,799,0
Superman: Fighting Crime,Oversized Polos,,799,0
TSS Originals: ASAP,T-Shirts,,649,0
Garfield: Clingy,Oversized T-Shirts,,999,0
Star Wars: Mandalorian,Oversized T-Shirts,999,799,20
TSS Originals: Emotional Support,Oversized T-Shirts,999,699,30
Spider-Man: Saving The Spider-Verse,Hooded T-Shirts,,1499,0
Batman: Supervillain,Oversized T-Shirts,,1049,0
Solids: White,Oversized Full Sleeve T-Shirts,,999,0
Spider-Man: Across The Spider-Verse,Oversized Full Sleeve T-Shirts,,799,0
Solids: Tangerine,Polos,999,799,20
Solids: Emerald Green,Polos,,1049,0
Venom: The Symbiote,T-Shirts,,699,0
Mickey Mouse: Smarty Pants,Oversized T-Shirts,999,699,30
Star Trek: Live Long and Prosper,Oversized T-Shirts,999,749,25
Spaced Out,Oversized T-Shirts,999,549,45
TSS Originals: Foodie,T-Shirts,699,499,29
Deadpool: Merc 91,Hooded T-Shirts,,1299,0
Transformers: Bumblebee,Oversized Full Sleeve T-Shirts,,999,0
TSS Originals: Wild Lime,Men Rugby Polos,1199,749,38
Harry Potter: Hogwarts Is Home,Oversized T-Shirts,,849,0
Alien Invasion: Street Punk,Oversized T-Shirts,999,699,30
Naruto: Anbu Black Ops,Oversized T-Shirts,,1049,0
Minions: I Don't Care,Oversized T-Shirts,,1049,0
Solids: Fresh Pink,T-Shirts,699,449,36
TSS Originals: OGs Forever,Oversized Full Sleeve T-Shirts,1199,999,17
Batman: Hero Run,T-Shirts,,749,0
Ombre: Midnight Blue,Oversized Full Sleeve T-Shirts,,999,0
Star Wars: Shadows Of The Empire,Oversized Full Sleeve T-Shirts,,999,0
Solids: Light Lavender,Oversized T-Shirts,999,749,25
Solids: Pearl Grey,T-Shirts,,599,0
Disney: Goofy,Oversized T-Shirts,,1049,0
TSS Originals: Coral Sands,Oversized Full Sleeve T-Shirts,,999,0
Monopoly: Hustlin',Oversized T-Shirts,,999,0
Seinfeld: A Show About Nothing,T-Shirts,699,499,29
Kung Fu Panda: Skadoosh,Oversized T-Shirts,,1299,0
Captain America: Super Soldier,Oversized Polos,,1299,0
Color Block: Cayenne,Oversized Polos,,999,0
Johnny Bravo: King Of Waves,T-Shirts,,549,0
Solids: Light Blue & Brown,Oversized Polos,,999,0
Spider-Man: The Web,T-Shirts,,799,0
F.R.I.E.N.D.S: I'll Be There For You,T-Shirts,,799,0
House Of Dragon: Fire Made Flesh,Oversized T-Shirts,,999,0
Black Panther: The Warrior,Oversized Full Sleeve T-Shirts,,999,0
Solids: Sage Green,Oversized Full Sleeve T-Shirts,1199,999,17
Solids: Midnight Black,T-Shirts,,599,0
Breaking Bad: Danger,Hooded T-Shirts,,1299,0
Solids: Pink & Navy,Oversized Polos,,899,0
Disney: Buzz Lightyear,Oversized Full Sleeve T-Shirts,,799,0
Classic Sustainable Tee: Indigo Bliss,T-Shirts,,599,0
Naruto: Akatsuki,Oversized T-Shirts,,999,0
Superman: Done Being Super,Hooded T-Shirts,,1299,0
Batman: The Caped Crusader (Glow In The Dark),T-Shirts,,999,0
One Piece: Most Wanted,Oversized T-Shirts,,1049,0
Ed Sheeran: Mathematics Tour,T-Shirts,,849,0
Solids: Olive Grove,Polos,,1049,0
Peanuts: Chillin,Oversized T-Shirts,,899,0
TSS Originals: Vada Pav,Oversized T-Shirts,,899,0
Batman: Logo (Vintage Wash),Oversized T-Shirts,,1299,0
Harry Potter: Hogwarts Is Home,Oversized Full Sleeve T-Shirts,,999,0
"Ed, Edd n Eddy: Chaotic Bros",Oversized T-Shirts,,1049,0
Naruto: Drunken Fist,Oversized T-Shirts,,899,0
House of the Dragon: Dragons Did,Oversized T-Shirts,,1049,0
Solids: Pale Purple,Oversized T-Shirts,,1049,0
Courage: Pattern,T-Shirts,,549,0
Black Panther: Wakanda Forever,Oversized Full Sleeve T-Shirts,,799,0
Tarot: Superman,Oversized T-Shirts,999,799,20
Squid Game: Red Light Green Light,Oversized T-Shirts,,999,0
Solids: Pearl Grey,Oversized T-Shirts,,949,0
Looney Tunes: Daffy in Space Jam,Oversized T-Shirts,999,699,30
Top Gun: Blueprint,Oversized T-Shirts,,999,0
Deadpool: The Anti-Hero,Men Rugby Polos,,1399,0
Naruto: Gaara,Oversized T-Shirts,999,699,30
Solids: Yellow,Polos,999,699,30
Rick & Morty: Escape From Reality,Oversized T-Shirts,,1049,0
TSS Originals: Iris,Super Oversized T-Shirts,1199,849,29
TSS Originals: Bluestone,Oversized Full Sleeve T-Shirts,,799,0
Star Wars: Darth Maul,Oversized T-Shirts,999,699,30
Cartoon Network: Johnny Bravo,Oversized Full Sleeve T-Shirts,1199,799,33
Green Lantern: Logo,T-Shirts,,849,0
Solids: Lavender,T-Shirts,699,449,36
Squid Game: Logo,T-Shirts,,649,0
Solids: Dark Purple,Oversized T-Shirts,,949,0
Top Gun: Classic,Oversized Polos,,1399,0
TSS Originals: Astral,Hooded T-Shirts,999,699,30
Brooklyn Nine-Nine: Human Genius,Oversized T-Shirts,999,799,20
Solids: Serene Sky,T-Shirts,599,399,33
Solids: Navy,Mandarin Polos,,1049,0
Solids: Sage Green,Mandarin Polos,,999,0
Spider-Man: 2099,Drop Cut T-Shirts,799,599,25
The Flash: 99,Oversized Jerseys,,799,0
TSS Originals: Tangelo,Men Rugby Polos,,1299,0
TSS Originals: Retro Gamer,Oversized T-Shirts,999,799,20
The Flash: Lightning Bolt,T-Shirts,,649,0
Dungeons & Dragons: Displacer Beast,Oversized T-Shirts,999,599,40
Garfield: Attitude,Oversized Full Sleeve T-Shirts,1199,799,33
Mickey Mouse: Fly Away,Oversized T-Shirts,,899,0
Dungeons & Dragons: Mindflayer,Oversized Full Sleeve T-Shirts,1199,849,29
House Of The Dragon: Caraxes,Oversized T-Shirts,,999,0
Loki: Master of Mischief,Oversized T-Shirts,,849,0
Solids: Pastel Blue,Oversized Polos,,1299,0
TSS Originals: Wisteria,Oversized Full Sleeve T-Shirts,1199,849,29
Thor: For Asgard,Oversized Full Sleeve T-Shirts,,899,0
Popeye: Thinking Hat,Hooded T-Shirts,,999,0
Spider-Man: Webtastic,Men Rugby Polos,,1049,0
Breaking Bad: Let's Cook,Oversized T-Shirts,999,699,30
Money Heist: Berlin,T-Shirts,699,549,21
TBBT: Bazinga,Oversized T-Shirts,,999,0
Stranger Things: California '86,Oversized T-Shirts,999,699,30
Solids: Arctic,Hooded T-Shirts,1399,799,43
Breaking Bad: Jesse and Walter,Oversized T-Shirts,,1299,0
Batman: The Cowl,Oversized T-Shirts,,1049,0
Star Wars: Darth Vader,Oversized Full Sleeve T-Shirts,,799,0
Scooby Doo: Jeebiesville,Oversized T-Shirts,999,599,40
Marvel: Avengers Assemble,Oversized Full Sleeve T-Shirts,,999,0
Star Trek: The Universe,Oversized Polos,999,749,25
Donald Duck: Caution,Oversized T-Shirts,,1299,0
Naruto: Gaara,Oversized Full Sleeve T-Shirts,1199,999,17
Disney: Quack Hard,Oversized T-Shirts,,999,0
Color Block: Mist Green,Oversized Polos,,999,0
Naruto: Ichiraku Ramen,Oversized T-Shirts,999,699,30
Shazam: Billy Batson,Oversized T-Shirts,999,699,30
Chandrayaan 3: Journey To The Moon,Oversized T-Shirts,999,799,20
TSS Originals: Malachite,Super Oversized T-Shirts,1199,849,29
Garfield: Hangry,Oversized T-Shirts,,999,0
TSS Originals: At The Beach,Oversized T-Shirts,,1049,0
Solids: Nude Pink,Oversized T-Shirts,999,749,25
Manchester City: Champions 2023,T-Shirts,699,549,21
Scooby Doo: Scooby Love,Oversized Full Sleeve T-Shirts,,999,0
Disney: Carpenheimer,Oversized T-Shirts,,1049,0
Fighter: SU 30,T-Shirts,,799,0
TSS Originals: Claret,Oversized Full Sleeve T-Shirts,,799,0
TSS Originals: Relaksa,Oversized T-Shirts,999,749,25
Supima: Teal,Supima T-Shirts,,999,0
The Godfather: The Don,Oversized T-Shirts,,1049,0
TSS Originals: Good Vibes,Oversized T-Shirts,,899,0
BGMI: Vintage,Oversized T-Shirts,999,699,30
TSS Originals: Paani Puri,Oversized T-Shirts,999,699,30
Solids: Light Grey,Mandarin Polos,999,799,20
TSS Originals: Samurai,Oversized T-Shirts,999,699,30
Superman: Classic,Oversized T-Shirts,,1299,0
Courage: Mondays!,Oversized T-Shirts,999,699,30
Solids: Sage Green,T-Shirts,599,399,33
Solids: Ochre,Polos,,899,0
Solids: Jade Green & Navy Blue Colourblock,Oversized Polos,999,749,25
SpongeBob: Life's Sweet,Oversized T-Shirts,,999,0
Disney: Fearless Sher Khan,Oversized T-Shirts,,849,0
Solids: Frost Blue,T-Shirts,699,549,21
Star Wars: Boba Fett,T-Shirts,,599,0
TSS Originals: Out Of Office,Oversized T-Shirts,,899,0
Pennywise: Time To Float,Oversized T-Shirts,,1299,0
Enter The Dragon: Bruce Lee,Oversized T-Shirts,999,799,20
Naruto: Hokage,Oversized Full Sleeve T-Shirts,1259,999,21
Top Gun: Talk To Me Goose,T-Shirts,,799,0
Peanuts: Snoopy,Oversized Polos,,1299,0
Spider-Man: Beyond Amazing,Oversized Full Sleeve T-Shirts,1199,949,21
Classic Sustainable Tee: Beige,T-Shirts,,599,0
Spider-Man: Web Wonder,Oversized T-Shirts,,1049,0
TSS Originals: Retro Gamer,Oversized Full Sleeve T-Shirts,1199,799,33
TSS Originals: Slayer,Oversized T-Shirts,,1049,0
Seinfeld: Logo,T-Shirts,,699,0
Supima: Deep Purple,Supima T-Shirts,,999,0
Tarot: Doctor Strange,Zipper Polos,,1299,0
Peanuts: Snoopy Chillin,Polos,,849,0
Avengers: Quantum,T-Shirts,,699,0
Solids: Midnight Black,Mandarin Polos,,999,0
Solids: Ocean Blue Colourblock,Oversized Polos,,1049,0
Colourblock: Teal Blaze,Oversized Full Sleeve T-Shirts,1199,649,46
TSS Originals: Cutting Chai,Oversized T-Shirts,999,599,40
TSS Originals: Mann Ki Shanti,Oversized T-Shirts,999,599,40
Black Panther: Logo (Colourblock),Zipper Polos,,1299,0
Solids: Burgundy Wine,T-Shirts,699,299,57
TMNT: Booyashaka,Oversized T-Shirts,,949,0
Captain America: Super Soldier,Oversized Jerseys,,999,0
TSS Originals: Trippin' Good,Oversized T-Shirts,,999,0
Daffy Duck: Chillin Villain,Oversized T-Shirts,,1049,0
Solids: Zen Blue,Mandarin Polos,999,799,20
Thor: Varsity,T-Shirts,,599,0
FCB: Logo,T-Shirts,,799,0
Solids: Black,Henley T-Shirts,,799,0
TSS Originals: Solid Black,Hooded T-Shirts,,899,0
ISRO: Logo,T-Shirts,,549,0
Solids: Electric Blue,Henley T-Shirts,,599,0
Superman: Iconic Emblem,T-Shirts,,799,0
Looney Tunes: Endless Vacation,Oversized T-Shirts,999,649,35
Spider-Man: Punk,Oversized T-Shirts,999,649,35
Stranger Things: Hellfire Club,Oversized Full Sleeve T-Shirts,,999,0
TSS Originals: Race Red,Oversized Full Sleeve T-Shirts,1199,999,17
Looney Tunes: The Daffy Sketch,Oversized T-Shirts,,899,0
Money Heist: We Are The Resistance,Oversized T-Shirts,,949,0
TSS Originals: Puzzle,Oversized T-Shirts,,1799,0
Batman: Bat Signal Tie Dye,Oversized T-Shirts,,1299,0
Solids: Dark Olive,Mandarin Polos,,899,0
Monopoly: Make It Rain,Oversized T-Shirts,,949,0
ISRO: Lunar Mission,T-Shirts,,849,0
Supima: Airy Blue,Supima T-Shirts,,999,0
Rick And Morty: Portal Boyz,Oversized T-Shirts,999,549,45
Solids: Airy Blue,T-Shirts,599,399,33
Truck Art: Batman,Oversized T-Shirts,999,749,25
Solids: Pink,Oversized Polos,999,699,30
TSS Originals: Wanderer,Oversized T-Shirts,999,699,30
The Flintstones: Yabba Dabba Doo,Oversized T-Shirts,,999,0
TMNT: The Shred,Oversized T-Shirts,,899,0
Courage: Living Rent-Free,T-Shirts,,799,0
Peanuts: Snoop,T-Shirts,,799,0
Rick And Morty: Escape,Oversized Full Sleeve T-Shirts,1199,799,33
FRIENDS: Yellow Frame,T-Shirts,,799,0
Phantom: Ghost That Walks,Hooded T-Shirts,1199,699,42
Deadpool: Logo,Oversized Polos,,1049,0
Solids: Mystery Black,Mandarin Polos,999,649,35
Popeye: Powerhouse,Hooded T-Shirts,,1049,0
Solids: Kelly Green,Oversized Full Sleeve T-Shirts,1299,999,23
Dungeons & Dragons: Monsters & Treasure,Hooded T-Shirts,,1499,0
Batman: Symbol,Oversized Full Sleeve T-Shirts,,799,0
Breaking Bad: La Tortuga,Oversized T-Shirts,999,749,25
Solids: Electric Blue,Oversized Full Sleeve T-Shirts,,999,0
DC: Justice League,Hooded T-Shirts,1199,699,42
Dungeons & Dragons: Behold,Oversized Full Sleeve T-Shirts,1199,799,33
Marvel: The Incredible Hulk,Oversized Full Sleeve T-Shirts,1199,699,42
Solids: Desert Rose,Mandarin Polos,,999,0
TSS Originals: Melting Away,Oversized T-Shirts,,899,0
Courage: Face,Oversized T-Shirts,999,699,30
Harry Potter: Deathly Hallows,Oversized T-Shirts,,999,0
Solids: Off-White,Oversized Polos,,1299,0
Batman: The Dark Knight,T-Shirts,,899,0
Solids: Brick Red,Oversized Polos,,949,0
Spider-Man: The Suit,Drop Cut T-Shirts,,899,0
TSS Originals: Cosmos Legend,Oversized Full Sleeve T-Shirts,1199,699,42
TSS Originals: No Social Battery,Oversized T-Shirts,,999,0
Solids: Peppermint Green,Oversized T-Shirts,999,699,30
Scooby Doo: Meddling Kids (Oversized),Oversized Full Sleeve T-Shirts,1199,649,46
TSS Originals: Drip Check,Oversized Full Sleeve T-Shirts,1199,799,33
TSS Originals: Indie Red,Zipper Polos,,1199,0
SpongeBob: Unrecognized Talent,T-Shirts,699,549,21
Moon Knight: Fist Of Vengeance,Oversized T-Shirts,999,599,40
Star Wars: Darth Vader,T-Shirts,,849,0
Moon Knight: Graphic,Oversized T-Shirts,999,599,40
Supima: Burgundy,Supima Full Sleeve Henley T-Shirts,999,699,30
Superman: Man of Steel,Oversized Full Sleeve T-Shirts,1199,799,33
TSS Originals: No F**ks To Give,T-Shirts,699,399,43
Spider-Man: Crime Fighter,Oversized T-Shirts,,1049,0
The Boys: Only Man In The Sky,Oversized T-Shirts,,1049,0
Seinfeld: Festivus For All Of Us,T-Shirts,699,349,50
Looney Tunes: Crazy Bugs,Oversized Full Sleeve T-Shirts,,999,0
Rick and Morty: C-137,Hooded T-Shirts,1199,899,25
Batman: Gotham's Saviour,Oversized T-Shirts,,1049,0
The Boys: Daddy's Home,Oversized T-Shirts,,1049,0
Tom & Jerry: Sticky Situation,Oversized T-Shirts,,999,0
WB: Mad Max,Oversized Full Sleeve T-Shirts,,799,0
Stranger Things: Hellfire Club,Oversized T-Shirts,,1299,0
Supima: Apple Mint,Supima T-Shirts,,799,0
Joker: Put On A Happy Face,Oversized T-Shirts,999,599,40
Solids: Black,Hooded T-Shirts,1199,699,42
Pink Panther: Peace,T-Shirts,,699,0
Rick And Morty: Morty's World,Oversized Full Sleeve T-Shirts,1199,799,33
TSS Originals: My Anxiety Got Me Racing,T-Shirts,699,349,50
Rick And Morty: Aw Geez,Oversized T-Shirts,999,699,30
The Mandalorian: Grogu,Oversized T-Shirts,999,649,35
Black Panther: For T'Challa,Drop Cut T-Shirts,,899,0
"Solids: Watermelon, White and Pink (Colourblock)",Oversized Polos,,999,0
ISRO: At The Moon,Oversized T-Shirts,999,599,40
Thor: Worthy,Mandarin Polos,,849,0
Black Panther: Wakanda Pride (Solar Activated),T-Shirts,,699,0
TSS Originals: Red Block,Oversized Polos,,999,0
Black Panther: Long Live The King,Oversized Full Sleeve T-Shirts,1199,799,33
Marvel: Comic Strip,T-Shirts,,599,0
Black Panther: The Pride,T-Shirts,699,549,21
Star Wars: Rule The Galaxy,Oversized T-Shirts,999,699,30
Captain America: Shield,Performance Jerseys,899,649,28
TSS Originals: Embroidered,Oversized T-Shirts,,1299,0
Looney Tunes: Swish Shot,Oversized T-Shirts,,949,0
Courage: Oops,Oversized T-Shirts,,949,0
Solids: Lavender,Mandarin Polos,,899,0
Spider-Man: Scarlett Spider,Zipper Polos,,1199,0
Spider-Man: Across The Spider-Verse,Oversized T-Shirts,999,699,30
TSS Originals: Warrior,Oversized T-Shirts,,849,0
TMNT: Never Cross A Ninja,Oversized T-Shirts,999,699,30
The Smurfs: Smurf off!,Oversized T-Shirts,,1049,0
Solids: Mint Green,Hooded T-Shirts,,849,0
Solids: Rhubarb,Polos,,949,0
TSS Originals: Kalahari,Oversized T-Shirts,,949,0
TSS Originals: Caffeine Zombies,Oversized T-Shirts,999,499,50
TSS Originals: Spray Paint,Oversized T-Shirts,,1599,0
Solids: Navy Blue,Oversized T-Shirts,999,749,25
Solids: Peach & Black (Utility),Oversized T-Shirts,,999,0
Thor: Feel The Thunder,Oversized T-Shirts,999,749,25
Star Wars: Dark Lord,T-Shirts,699,449,36
Deadpool: Maximum Effort,Oversized Full Sleeve T-Shirts,,1299,0
Black Panther: Loyalty (Glow In The Dark),T-Shirts,,699,0
Popeye: Comic Strip,Oversized T-Shirts,,1049,0
Marvel: Magneto,Oversized T-Shirts,999,649,35
Doctor Strange: Tao Mandalas (Glow In The Dark),Oversized T-Shirts,,1049,0
Seinfeld: Jerk Store,T-Shirts,,699,0
Solids: Winter Mauve,Oversized T-Shirts,999,749,25
Rick And Morty: Flying Solo,T-Shirts,699,399,43
Doctor Strange: Master Of Mystic Arts,Oversized T-Shirts,999,599,40
SpongeBob: Dang!,T-Shirts,,549,0
Solids: Light Grey,Henley T-Shirts,799,599,25
Justice League: Dawn Of Justice,Oversized Full Sleeve T-Shirts,,799,0
Marvel: Kang Conqueror,Oversized Full Sleeve T-Shirts,1199,799,33
Popeye: Spinach Powered,T-Shirts,,699,0
TMNT: Brotherhood,Men Rugby Polos,,999,0
SpongeBob: Ok Boomer,Oversized T-Shirts,999,699,30
Solids: Tropical Colourblock,Oversized Polos,,949,0
Spider-Man: Thwip,Hooded T-Shirts,,999,0
TMNT: Leonardo,Oversized T-Shirts,999,649,35
Solids: Spring Bud Green,Oversized T-Shirts,999,699,30
Supima: Baltic Sea,Supima T-Shirts,,999,0
Looney Tunes: Bugs Pattern,Oversized Full Sleeve T-Shirts,1199,649,46
Wanderlust,Oversized T-Shirts,,899,0
Thor: Hammer,Oversized T-Shirts,999,649,35
Rebel Moon: Logo,T-Shirts,,649,0
Rick & Morty: Painful Existence,Oversized T-Shirts,,899,0
Transformers: Optimus,T-Shirts,699,499,29
TMNT: Turtle Power,T-Shirts,,699,0
Supima: Navy Blue,Supima T-Shirts,,999,0
Captain America: Cap's Shield (Glow In The Dark),T-Shirts,,599,0
Spider-Man: Miles,Oversized T-Shirts,999,599,40
Supima: Burnt Sienna,Supima Drop Cut T-Shirts,,999,0
TSS Originals: Blue Breeze,Oversized T-Shirts,999,649,35
Harry Potter: Gryffindor 07,Hooded T-Shirts,1199,849,29
Solid: Powder Blue,Hooded T-Shirts,1199,699,42
Avengers: Logo,Polos,,949,0
Batman: Surf's Up,T-Shirts,699,449,36
Looney Tunes: Daffy Dunk,Oversized Full Sleeve T-Shirts,,799,0
Truck Art: Captain America,Oversized T-Shirts,999,549,45
GOTG: The Crew,Oversized T-Shirts,,999,0
The Wizard Of Oz: The Escape,Oversized T-Shirts,999,649,35
Solids: Lavender,Oversized Polos,,999,0
Punisher: Logo,T-Shirts,,699,0
Solids: Pista Green,Oversized T-Shirts,999,499,50
Courage: YIKES,Oversized Full Sleeve T-Shirts,,799,0
Harry Potter: Enter The Looney Tunes,Men Rugby Polos,,1499,0
Solids: Navy,Oversized Full Sleeve T-Shirts,,999,0
TSS Originals: Carmine,Oversized Polos,999,749,25
Looney Tunes: Ralph Wolf,T-Shirts,,799,0
Donald Duck: Quackster,Oversized T-Shirts,,1049,0
Supima: Mineral Red,Supima T-Shirts,999,799,20
Batman: Gotham City,Oversized Full Sleeve T-Shirts,,999,0
Solids: Sky,Oversized T-Shirts,999,549,45
"Colourblock: Yellow, Light Purple",Oversized T-Shirts,999,649,35
Superman: Logo (3D),Oversized T-Shirts,,1049,0
House Of Dragon: Kingdom Map,Oversized T-Shirts,,999,0
Star Wars: Mando,T-Shirts,,699,0
SpongeBob: Krabby Patty,Oversized T-Shirts,999,699,30
TSS Originals: Wandering Octopus,Oversized T-Shirts,,899,0
Dexter: Genius Alert,T-Shirts,699,499,29
TSS Originals: Bangalore,Oversized T-Shirts,,1049,0
Mickey Mouse: Cruising,T-Shirts,,899,0
"Colourblock: Sky Blue, White",Oversized T-Shirts,999,699,30
Solids: Sunshine Yellow,Oversized T-Shirts,,749,0
Superman: Man Of Steel,Polos,,999,0
Solids: Mustard Yellow,T-Shirts,599,349,42
Loki: Time Variance Authority,Oversized T-Shirts,,1049,0
Rick & Morty: Portal Heads,Oversized T-Shirts,,849,0
Harry Potter: Hufflepuff Gang,Oversized T-Shirts,,849,0
Colourblock: Green,Oversized T-Shirts,,1049,0
Solids: Maroon Melange,T-Shirts,599,349,42
Batman: 39,Oversized Polos,,999,0
Pink Panther: What Is Life?,Oversized Full Sleeve T-Shirts,1199,899,25
Solids: Lavender White & Berry,Oversized Polos,999,699,30
TSS Originals: Sunset Chasers,Oversized T-Shirts,999,649,35
Punisher: The One Man Army,Men Rugby Polos,,1499,0
Solids: Navy,Mandarin Polos,,999,0
Brooklyn Nine-Nine: Noice,T-Shirts,,849,0
Samurai Jack: Blade,Oversized T-Shirts,,1049,0
Solids: Coral Orange,Oversized T-Shirts,999,599,40
Transformers: Autobots,Oversized T-Shirts,999,649,35
TSS Originals: OGs Only,Oversized Polos,,1199,0
Solids: Atlantic Blue,Oversized T-Shirts,999,699,30
Supima: Watermelon,Supima T-Shirts,,999,0
Marvel: Avengers Assemble,Oversized T-Shirts,,999,0
Deadpool: Chimichangas!,Oversized T-Shirts,,999,0
TSS Originals: Country Roads,Oversized T-Shirts,999,699,30
Batman: The Dark Knight,T-Shirts,,799,0
Solids: Lime Green,Oversized T-Shirts,999,699,30
Looney Tunes: Taz Life,T-Shirts,,699,0
Courage: For Love,T-Shirts,699,349,50
Star Wars: Millennium Falcon,Oversized T-Shirts,,999,0
Looney Tunes: Taz Devil,T-Shirts,,699,0
Tom And Jerry: Angry Tom,T-Shirts,,649,0
Tom And Jerry: All I Need,T-Shirts,,549,0
Rick And Morty: The Plan,Men Co-ord Sets,999,799,20
ISRO: Mission GSLV,Oversized Polos,,1299,0
Thor: The Thunder,T-Shirts,,699,0
Tarot: Spider-Man,Oversized T-Shirts,,1049,0
Gypsy Soul,Oversized T-Shirts,999,649,35
Seinfeld: Doodle,Oversized Full Sleeve T-Shirts,,899,0
F.R.I.E.N.D.S: Doodle,Oversized T-Shirts,,849,0
Tie Dye: Grey and Black,Oversized T-Shirts,,849,0
Black Panther: Wakanda Forever (Utility),Oversized T-Shirts,,1049,0
Black Adam: Logo (Raglan),Oversized Full Sleeve T-Shirts,1199,799,33
Pink Panther: The Art Of Chilling,Oversized T-Shirts,999,599,40
Harry Potter: Character Pattern,T-Shirts,,899,0
Fukrey: Fukra Bandha,Oversized T-Shirts,999,649,35
Solid: Light Melange,Henley T-Shirts,,799,0
Solids: Chocolate Brown,Henley T-Shirts,,699,0
Solids Mandarin Polo: Teal,Mandarin Polos,,849,0
Aquaman: King Of Atlantis,Oversized T-Shirts,999,699,30
Looney Tunes: Hungry Taz,T-Shirts,,799,0
Ombre: Wild Lime,Oversized T-Shirts,,799,0
Nerdy Equations,T-Shirts,,899,0
Harry Potter: Slytherin,Oversized Polos,999,699,30
"Solids: Sage Green, Black Colourblock",Oversized Polos,999,699,30
The Office: Best of Dunder Mifflin,T-Shirts,,599,0
Minions: Dropping Beats,Oversized Full Sleeve T-Shirts,1199,599,50
GOTG: Stay Weird,Oversized T-Shirts,999,549,45
Donald Duck: Pattern,T-Shirts,,649,0
Solids: Flamingo Pink,Oversized T-Shirts,999,799,20
Peanuts: Ruff Day,T-Shirts,,699,0
Avengers: The Mightiest Heroes,Oversized T-Shirts,,899,0
Solids: Grey,Oversized T-Shirts,,949,0
Pink Panther: Jammin',Oversized T-Shirts,999,499,50
Solids: Deep Lavender,Polos,,849,0
Solids: Denim Blue,Oversized Polos,,999,0
Batman: HD Logo,Oversized T-Shirts,,999,0
Solids: Light Lavender,Mandarin Polos,,899,0
"Colourblock: White, Maroon",Oversized T-Shirts,999,649,35
One Piece: Roronoa Zoro,Oversized T-Shirts,999,699,30
TSS Originals: Lemon Drop,Oversized Polos,999,699,30
Harry Potter: Master Of Death,Men Rugby Polos,,1199,0
TSS Originals: Camo Print,Jerseys,899,599,33
Solids: Yellow White & Navy,Oversized Polos,999,599,40
TSS Originals: Aqua Spring,Oversized Polos,999,799,20
TSS Originals: Mauve Magic,Oversized Polos,,949,0
Black Panther: Long Live The King,Oversized T-Shirts,,1049,0
Supima: Nude Pink,Supima Drop Cut T-Shirts,999,699,30
Solids: Dark Green,Mandarin Polos,999,749,25
Harry Potter: Hogwarts History,Oversized T-Shirts,,949,0
Deadpool: Killin' It,T-Shirts,,999,0
TSS Originals: Relentless Shark,Oversized T-Shirts,,999,0
TSS Originals: Otaku,Oversized Full Sleeve T-Shirts,,999,0
Looney Tunes: Samurai Bugs,Oversized Full Sleeve T-Shirts,1199,799,33
The Jetsons: Out Of This World,T-Shirts,699,499,29
Alien Invasion: Pizza,Oversized T-Shirts,999,649,35
Solids: Burgundy,Oversized Full Sleeve T-Shirts,,999,0
Avengers: Mech Strike,Oversized Full Sleeve T-Shirts,1199,599,50
Ghost Rider: Vengeance,Oversized Full Sleeve T-Shirts,1199,799,33
Looney Tunes: What's Up Doc,Oversized Full Sleeve T-Shirts,1199,799,33
Garfield: I Skate Mondays,Oversized T-Shirts,,849,0
TSS Originals: Apple Mint,Oversized Polos,999,699,30
TSS Originals: Lemonade,Oversized T-Shirts,999,749,25
Tom & Jerry: Not Quiet Just Plotting,Oversized Full Sleeve T-Shirts,,999,0
The Office: Dammit Jim,T-Shirts,,599,0
Avatar: Logo (Glow In The Dark),T-Shirts,,599,0
Tom And Jerry: Basket,T-Shirts,,599,0
Supima: Off White,Supima T-Shirts,,899,0
TSS Originals: Souled Vibe,Oversized T-Shirts,999,649,35
TSS Originals: Coffee Invasion,Oversized T-Shirts,999,549,45
TSS Originals: Airy Blue,Oversized Polos,,949,0
Captain America: Shield,T-Shirts,699,549,21
Solids: Rich Maroon,Mandarin Polos,,899,0
SpongeBob: Like A Boss,Oversized T-Shirts,999,799,20
The Office: Employee Of The Month,T-Shirts,,599,0
Peanuts: Skate It Off,Polos,,999,0
Naruto: Team Kakashi,Men Relaxed Fit T-Shirts,799,599,25
Black Panther: The King,T-Shirts,,799,0
The Phantom: Necessary,T-Shirts,,599,0
Spider-Man: With Great Power,T-Shirts,699,399,43
Superman: Emblem,Oversized Full Sleeve T-Shirts,999,799,20
Captain America: Sentinel Of Liberty,Oversized T-Shirts,,899,0
Pink Panther: Nostalgic,Hooded T-Shirts,,1299,0
The Flash: Through Time,Oversized T-Shirts,999,699,30
Superman: Metropolis Blue (Tie Dye),Oversized T-Shirts,999,749,25
Solid: Snow Blue,Jerseys,,399,0
"Colourblock: Peach, White, Black",Oversized T-Shirts,,849,0
Rick and Morty: Higher Self (Acid Wash),T-Shirts,699,549,21
Naruto: The Rogue Ninja,T-Shirts,,699,0
Marvel: Spiderman Logo,Oversized T-Shirts,,899,0
Solid: Navy,Hooded T-Shirts,999,799,20
Hulk: Logo (Colourblock),Zipper Polos,,1299,0
Solids: White Camo,Drop Cut T-Shirts,799,499,38
TSS Originals: Berry,Oversized Polos,,949,0
Ninja Warrior,Oversized T-Shirts,999,799,20
The Flash: Speedster,Oversized T-Shirts,999,699,30
Money Heist: Bella Ciao,T-Shirts,,749,0
Batman: Chase The Joker,Oversized T-Shirts,,999,0
Garfield: Lasagna,T-Shirts,,599,0
Solids: Mystery Black,Mandarin Polos,,899,0
ISRO: Emblem,T-Shirts,699,399,43
Brooklyn Nine-Nine: Hitchcock & Scully,Men Relaxed Fit T-Shirts,,699,0
TSS Originals: Blue Ripples,Oversized T-Shirts,,999,0
Solid: Grey,T-Shirts,,649,0
Truck Art: Superman,Oversized T-Shirts,999,649,35
Ed Sheeran: Flower (Ombre),T-Shirts,,699,0
Solids: Jade Green,Oversized T-Shirts,999,599,40
Harry Potter: Gryffindor Gang,Oversized T-Shirts,,999,0
SpongeBob: Let's Go,Oversized T-Shirts,999,799,20
Spider-Man: Logo,Oversized Polos,,899,0
TSS Originals: Here We Go Again,Oversized T-Shirts,,1199,0
Garfield: Comics,T-Shirts,699,549,21
Superman: Son of Krypton,Hooded T-Shirts,999,799,20
Iron Man: The Invincible,Hooded T-Shirts,,999,0
Superman: Alter Ego,T-Shirts,449,349,22
Solids: Navy (Mandarin Polo),Mandarin Polos,999,799,20
Iron Man: Arc Reactor,Hooded T-Shirts,,1049,0
TSS Originals: Souled,Oversized T-Shirts,999,749,25
Solids: Nude Pink,Hooded T-Shirts,999,549,45
Avengers: Logo,Drop Cut T-Shirts,,849,0
The Lion King: Hakuna Matata,T-Shirts,,699,0
Justice League: Logo,Drop Cut T-Shirts,,899,0
Solids: Smoky Grey Camo,T-Shirts,,499,0
Supima: TSS Since 2013,Supima T-Shirts,,999,0
Peanuts: Whatever,Oversized T-Shirts,999,699,30
Looney Tunes: Bugs Bunny,Mandarin Polos,999,699,30
Archie: The Gang,Oversized T-Shirts,,849,0
Superman: Flying High,Men Full Sleeve T-Shirts,699,499,29
Solids: Brick Red,Men Performance Essential T-Shirts,599,399,33
Iron Man: Mask,Oversized Polos,,849,0
Rebel Moon: Jimmy,Oversized T-Shirts,,999,0
Solids: Powder Blue,Oversized Polos,999,799,20
Captain America: The Shield,Drop Cut T-Shirts,,599,0
Solids: Deep Lavender,Oversized Full Sleeve T-Shirts,1199,799,33
Peanuts: Skate Of Mind,Oversized Full Sleeve T-Shirts,,999,0
TSS Originals: White Block,Oversized Polos,,999,0
Solids: Mauve Stripes,Men Rugby Polos,,799,0
The Office: Undivided Attention,T-Shirts,699,499,29
Naruto: Akatsuki Polo,Polos,,899,0
TSS Originals: Lion City,Oversized T-Shirts,,899,0
TSS Originals: Real Nareal,Oversized T-Shirts,999,699,30
Joker: World Burns,Oversized T-Shirts,,999,0
TSS Originals: Striped T-shirt (Blue),Men Full Sleeve T-Shirts,699,399,43
Rick And Morty: Outta Here,T-Shirts,,449,0
Brooklyn Nine-Nine: Punk,Men Relaxed Fit T-Shirts,,499,0
Solids: Red Camo (Active Wear),Men Performance Essential Drop Cut T-Shirts,899,699,22
Spider-Man: 2099,T-Shirts,,549,0
TSS Originals: Sage Green,Oversized Polos,,899,0
Minions: Hustle For Muscle,T-Shirts,699,499,29
Solids: Faded Purple,T-Shirts,,749,0
Solid: Navy Dot,Jerseys,499,299,40
Marvel: Avengers Assemble,Zipper Polos,,999,0
Captain America: Super Soldier,Hooded T-Shirts,999,699,30
Solids: Emerald Green,T-Shirts,,549,0
Rick And Morty: Szechuan,Oversized Full Sleeve T-Shirts,,999,0
Garfield: Silence Is Better,T-Shirts,,749,0
Solids: Marine Melange,T-Shirts,,449,0
Harry Potter: Gryffindor Pride (Vintage Wash),Mandarin Polos,,999,0
BGMI: Winner Winner Chicken Dinner,T-Shirts,,449,0
Solids: Scuba Blue Colourblock,Polos,,999,0
Scooby Doo: Those Meddling Kids,Oversized T-Shirts,,849,0
Solids: Maroon Melange Drop Cut,Drop Cut T-Shirts,,699,0
Tie Dye: Blue,Oversized Polos,,899,0
Superman: Logo (Ombre),Polos,,899,0
Solids: Black,Jerseys,,399,0
Solids: Bang Blue,T-Shirts,699,369,47
Popeye: Local Hero,Men Relaxed Fit T-Shirts,,699,0
Popeye: The Sailor Man,Men Relaxed Fit T-Shirts,799,599,25
Let's Hit The Road,T-Shirts,,599,0
Donald Duck: Happy Face,T-Shirts,,849,0
Wolverine: Power Unleashed,Oversized T-Shirts,,1299,0
Solids Step Hem T-shirt: Grey Camo,T-Shirts,,499,0
Solids: Dark Forest Colourblock,Men Rugby Polos,,1299,0
Solids: Peach Pink,T-Shirts,699,299,57
Avengers: Assemble,T-Shirts,,699,0
Money Heist: La Casa De Papel,T-Shirts,699,499,29
Kung Fu Panda: Warrior Business,Oversized T-Shirts,,999,0
Solids: Powder Blue,Hooded T-Shirts,,999,0
Solids Mandarin Polo: Nude Pink,Mandarin Polos,,699,0
TSS Originals: Anime,Oversized Full Sleeve T-Shirts,,999,0
Solids: Royal Blue,Jerseys,499,299,40
Marvel: Vintage Heroes,T-Shirts,,749,0
Spider-Man: Web Design,Oversized T-Shirts,,849,0
Superman: Classic Logo,Men Full Sleeve T-Shirts,799,549,31
Iron Man: The Invincible,Oversized Full Sleeve T-Shirts,,999,0
Solids: Off White,Hooded T-Shirts,,949,0
Solids Slub: Steel Grey,T-Shirts,,499,0
Solids: Ocean Blue,T-Shirts,,499,0
Solids: Navy,Jerseys,499,299,40
Solids: Salmon (Bomber Polo),Bomber Neck Polos,,899,0
Tie Dye: Psychedelic Groove,Oversized Full Sleeve T-Shirts,,999,0
Save the Tortoise,T-Shirts,,549,0
Iron Man: Signature Stark,Drop Cut T-Shirts,,599,0
TSS Originals: Black,T-Shirts,,449,0
Marvel: Maximum Carnage,Men Full Sleeve T-Shirts,899,599,33
Solids: Dusty Rose,Oversized T-Shirts,,799,0
Solids: Powder Blue,Oversized Polos,,949,0
Tie Dye: Stripes Polo,Polos,899,599,33
Black Panther: Wakanda Forever,Men Full Sleeve T-Shirts,,599,0
Solids: Denim Blue (Pocket),Men Relaxed Fit T-Shirts,799,499,38
Here For The Food,T-Shirts,,349,0
Solids Waffle Henley: Carter Brown,Henley T-Shirts,899,499,44
The Flintstones: Smile,T-Shirts,699,499,29
Tie Dye: Sky Storm,Polos,999,799,20
Justice League: Classic Logo,Oversized Full Sleeve T-Shirts,,999,0
The Office: Cruise Limbo,T-Shirts,,349,0
Superman: Power Logo,Polos,,899,0
TSS Originals: Crouching Tiger,Oversized Full Sleeve T-Shirts,,999,0
Solids: Orange,Jerseys,,399,0
F.R.I.E.N.D.S: Logo,Oversized Full Sleeve T-Shirts,,999,0
Solids: Light Yellow,T-Shirts,,349,0
Supima: Poppy Red,Supima T-Shirts,,999,0
Harry Potter: Hogwarts,Oversized Full Sleeve T-Shirts,,999,0
Thor: Thunder (Reflective Ink),T-Shirts,,699,0
Solids: Cobalt Blue,Henley T-Shirts,,599,0
TSS Originals: Asocial,T-Shirts,,349,0
Find Your Balance,T-Shirts,,449,0
Solids: Superhero Red,Henley T-Shirts,,699,0
5 Star: Legends Do Nothing,Oversized T-Shirts,,949,0
Kung Fu Panda: Pandya 33,Oversized T-Shirts,,949,0
Star Wars: Darth Vader,Oversized T-Shirts,,999,0
Star Wars: Bounty,T-Shirts,,649,0
Solids: Grindle Black,Easy Fit Full Sleeve T-Shirts,,599,0
DC: Aquaman,Men Full Sleeve T-Shirts,,599,0
TMNT: Master Splinter,T-Shirts,,599,0
Star Wars: Black Empire,Oversized Full Sleeve T-Shirts,,999,0
Mortal Kombat: Scorpion,T-Shirts,,449,0
Solids: Red,Henley T-Shirts,,699,0
Solids Mandarin Polo: Brick Red,Mandarin Polos,,899,0
The Office: Kevin's Chili,T-Shirts,,499,0
Marvel: Comics,T-Shirts,,649,0
Kung Fu Panda: Panda 33,Oversized T-Shirts,,1049,0
Solids Mandarin Polo: Sage Green (New),Mandarin Polos,,899,0
Superman: Logo,T-Shirts,,599,0
Garfield: Have A Nice Day,Easy Fit Full Sleeve T-Shirts,,499,0
Solids: Eggshell White,Jackets,,2199,0
Solids Step Hem T-shirt: Grey Melange,T-Shirts,,449,0
Star Wars: Dark Side,Oversized Full Sleeve T-Shirts,,999,0
Solids: Berry,Polos,,899,0
Superman: Symbol of Hope,T-Shirts,,599,0
Punisher: Logo,T-Shirts,,599,0
Naruto: Akatsuki Cloud,T-Shirts,,599,0
Solids: Blue & Lavender (Utility),Oversized T-Shirts,,999,0
Naruto: Hero,Men Relaxed Fit T-Shirts,799,599,25
Solids: Burgundy,T-Shirts,599,399,33
Johnny Bravo: Hunk Alert,Oversized T-Shirts,999,799,20
TSS Originals: Sab Moh Maya,T-Shirts,699,549,21
Solids: Navy,Jerseys,499,349,30
The Phantom: Graphic Print,Oversized T-Shirts,999,749,25
Solids Waffle Henley: Black,Henley T-Shirts,999,799,20
Naruto: What A Drag,Oversized Full Sleeve T-Shirts,1199,999,17
Supima: Poppy Red,Supima Full Sleeve Henley T-Shirts,999,799,20
Solids: Lemon Yellow,Oversized T-Shirts,999,699,30
Solids: Dark Purple,Jerseys,499,299,40
Solids: Mustard Yellow,Oversized T-Shirts,999,799,20
RRR: Ram & Bheem,T-Shirts,699,499,29
Solids: Nude Pink,Oversized T-Shirts,899,699,22
Kung Fu Panda: Dragon Warrior,Men Full Sleeve T-Shirts,799,599,25
Thor: The Ravagers,T-Shirts,699,499,29
Solids: Deep Blue,Oversized Polos,999,699,30
TSS Originals: Bleach Melange,T-Shirts,699,499,29
Solids: Salmon,Half Sleeve Henley T-Shirts,699,399,43
Solids: Marine Melange,Easy Fit Full Sleeve T-Shirts,899,499,44
Solids: Dark Blue,T-Shirts,499,299,40
Looney Tunes: What's Up Doc?,Mandarin Polos,999,799,20
Solids: Charcoal Melange,Easy Fit Full Sleeve T-Shirts,899,549,39
Solids: Bleach Mlange (Camo),Men Full Sleeve T-Shirts,699,399,43
Garfield: Face,Men Full Sleeve T-Shirts,699,399,43
Iron Man: Tony's Choice,Drop Cut T-Shirts,799,549,31
Colorblock: Twilight,Oversized Polos,999,749,25
Fukrey: Since 2013,Unisex T-Shirts,,599,0
ISRO: Symbol,T-Shirts,,449,0
TSS Originals: Grumpy,Oversized T-Shirts,,899,0
Solids: Slate Grey,Oversized T-Shirts,,799,0
TSS Originals: Billiard Block,Oversized Polos,,849,0
Daffy Duck: Chill Out,Oversized T-Shirts,,849,0
Chill Vibes,Oversized T-Shirts,,1049,0
Disney: Happy Mickey,T-Shirts,,899,0
The Office: Characters,T-Shirts,,599,0
Solids: Maroon Colourblock,Oversized Polos,,999,0
Solids: Peach,Oversized Full Sleeve T-Shirts,,999,0
Solids: Jade,Oversized Polos,,899,0
Colorblock: Verdent Blue,Hooded T-Shirts,,899,0
Avatar: Earthbender,Oversized T-Shirts,,999,0
RNT: E-Sports T-Shirt,T-Shirts,,449,0
Solids: Ocean,T-Shirts,,499,0
Archie: Facepalm,T-Shirts,,699,0
Solids: Jade Green,T-Shirts,,599,0
Solids: Purple,Jerseys,,399,0
Solids: Jade Green And White,Oversized T-Shirts,,899,0
TSS Originals: Sanity In A Cup,Oversized T-Shirts,,899,0
Supima: Burnt Sienna,Supima T-Shirts,,999,0
Solids: Electric Blue,Oversized Polos,,999,0
Garfield: Procrastination Club,T-Shirts,,799,0
Tie Dye: Faded Peach,T-Shirts,,549,0
The Office: Dwight Schrute,T-Shirts,,549,0
TSS Originals: Personality Dekh,T-Shirts,,499,0
Spider-Man: Venom Inside (Solar Activated),T-Shirts,,699,0
Solids: Black,Polos,,899,0
Minions: Strange,T-Shirts,,599,0
Solids: Pearl Grey,Oversized Polos,,899,0
Solids: Black,Hooded T-Shirts,,999,0
Solids: Rosewood,T-Shirts,,499,0
Harry Potter: Hogwarts,Oversized Polos,,999,0
Supima: Cool Classics (Pack of 3),Supima T-Shirts,2997,2847,5
Deadpool: Great Irresponsibility,Oversized T-Shirts,,999,0
Supima: Earthen Ensemble (Pack of 3),Supima T-Shirts,2997,2847,5
Ed Sheeran: Concert Tee,Oversized T-Shirts,,999,0
Supima: Spiced Hues (Pack of 3),Supima T-Shirts,2997,2847,5
Supima: Fiesta (Pack of 2),Supima T-Shirts,1998,1898,5
Supima: Monochrome (Pack of 2),Supima T-Shirts,1998,1898,5
Supima: Serene Splash (Pack of 2),Supima T-Shirts,1998,1898,5
